order_id,date,customer_id,product,price,quantity,coupon_code,shipping_city,discount_rate,state,city_population,latitude,longitude,city_match,gross_amount,order_total,discount_amount,days_since_purchase,order_month,order_weekday,is_weekend
ORD-10001,2025-01-01,C0076,USB-C Hub,39.99,2,,Phoenix,0.0,Arizona,1513367,33.4483771,-112.0740373,exact,79.98,79.98,0.0,181,2025-01,Wednesday,False
ORD-10002,2025-01-02,C0134,Mechanical Keyboard,89.99,3,,Atlanta,0.0,Georgia,447841,33.7489954,-84.3879824,exact,269.97,269.97,0.0,180,2025-01,Thursday,False
ORD-10003,2025-01-02,C0031,Wireless Mouse,24.99,2,WELCOME5,Denver,0.05,Colorado,649495,39.7392358,-104.990251,exact,49.98,47.48,2.5,180,2025-01,Thursday,False
ORD-10004,2025-01-02,C0038,1080p Webcam,59.99,1,SAVE15,Austin,0.15,Texas,885400,30.267153000000004,-97.7430608,exact,59.99,50.99,9.0,180,2025-01,Thursday,False
ORD-10005,2025-01-02,C0019,Laptop Stand,34.99,2,,Los Angeles,0.0,California,3884307,34.0522342,-118.24368490000002,exact,69.98,69.98,0.0,180,2025-01,Thursday,False
ORD-10006,2025-01-03,C0124,LED Desk Lamp,29.99,2,WELCOME5,San Diego,0.05,California,1355896,32.715738,-117.1610838,exact,59.98,56.98,3.0,179,2025-01,Friday,False
ORD-10007,2025-01-03,C0024,Mechanical Keyboard,89.99,1,SAVE20,Austin,0.2,Texas,885400,30.267153000000004,-97.7430608,exact,89.99,71.99,18.0,179,2025-01,Friday,False
ORD-10008,2025-01-03,C0092,Laptop Stand,34.99,4,,New York,0.0,New York,8405837,40.7127837,-74.00594129999999,exact,139.96,139.96,0.0,179,2025-01,Friday,False
ORD-10009,2025-01-03,C0148,LED Desk Lamp,29.99,2,SAVE15,Miami,0.15,Florida,417650,25.7616798,-80.1917902,exact,59.98,50.98,9.0,179,2025-01,Friday,False
ORD-10010,2025-01-03,C0036,Mechanical Keyboard,89.99,1,SAVE15,New York,0.15,New York,8405837,40.7127837,-74.00594129999999,exact,89.99,76.49,13.5,179,2025-01,Friday,False
ORD-10011,2025-01-04,C0150,LED Desk Lamp,29.99,2,,Chicago,0.0,Illinois,2718782,41.8781136,-87.62979820000001,exact,59.98,59.98,0.0,178,2025-01,Saturday,True
ORD-10012,2025-01-04,C0068,1080p Webcam,59.99,1,SAVE20,Portland,0.2,Oregon,609456,45.523062200000005,-122.6764816,ambiguous: largest chosen,59.99,47.99,12.0,178,2025-01,Saturday,True
ORD-10013,2025-01-04,C0064,Wireless Mouse,24.99,3,,New York,0.0,New York,8405837,40.7127837,-74.00594129999999,exact,74.97,74.97,0.0,178,2025-01,Saturday,True
ORD-10014,2025-01-05,C0040,Noise-Cancelling Headphones,199.99,1,SAVE20,Houston,0.2,Texas,2195914,29.7604267,-95.3698028,exact,199.99,159.99,40.0,177,2025-01,Sunday,True
ORD-10015,2025-01-05,C0112,Mechanical Keyboard,89.99,1,,Miami,0.0,Florida,417650,25.7616798,-80.1917902,exact,89.99,89.99,0.0,177,2025-01,Sunday,True
ORD-10016,2025-01-05,C0028,USB-C Hub,39.99,1,WELCOME5,New York,0.05,New York,8405837,40.7127837,-74.00594129999999,exact,39.99,37.99,2.0,177,2025-01,Sunday,True
ORD-10017,2025-01-05,C0029,1080p Webcam,59.99,4,,New York,0.0,New York,8405837,40.7127837,-74.00594129999999,exact,239.96,239.96,0.0,177,2025-01,Sunday,True
ORD-10018,2025-01-05,C0113,LED Desk Lamp,29.99,1,,Houston,0.0,Texas,2195914,29.7604267,-95.3698028,exact,29.99,29.99,0.0,177,2025-01,Sunday,True
ORD-10019,2025-01-05,C0132,Noise-Cancelling Headphones,199.99,2,SAVE10,Seattle,0.1,Washington,652405,47.6062095,-122.33207079999998,exact,399.98,359.98,40.0,177,2025-01,Sunday,True
ORD-10020,2025-01-05,C0078,Wireless Mouse,24.99,1,,Los Angeles,0.0,California,3884307,34.0522342,-118.24368490000002,exact,24.99,24.99,0.0,177,2025-01,Sunday,True
ORD-10021,2025-01-05,C0105,Laptop Stand,34.99,3,SAVE15,Boston,0.15,Massachusetts,645966,42.3600825,-71.0588801,exact,104.97,89.22,15.75,177,2025-01,Sunday,True
ORD-10022,2025-01-06,C0061,Noise-Cancelling Headphones,199.99,1,WELCOME5,New York,0.05,New York,8405837,40.7127837,-74.00594129999999,exact,199.99,189.99,10.0,176,2025-01,Monday,False
ORD-10023,2025-01-06,C0035,LED Desk Lamp,29.99,2,,Miami,0.0,Florida,417650,25.7616798,-80.1917902,exact,59.98,59.98,0.0,176,2025-01,Monday,False
ORD-10024,2025-01-06,C0134,27in Monitor,249.99,1,,Los Angeles,0.0,California,3884307,34.0522342,-118.24368490000002,exact,249.99,249.99,0.0,176,2025-01,Monday,False
ORD-10025,2025-01-06,C0118,Laptop Stand,34.99,2,,Seattle,0.0,Washington,652405,47.6062095,-122.33207079999998,exact,69.98,69.98,0.0,176,2025-01,Monday,False
ORD-10026,2025-01-06,C0089,USB-C Hub,39.99,3,WELCOME5,Portland,0.05,Oregon,609456,45.523062200000005,-122.6764816,ambiguous: largest chosen,119.97,113.97,6.0,176,2025-01,Monday,False
ORD-10027,2025-01-07,C0127,USB-C Hub,39.99,3,SAVE15,Denver,0.15,Colorado,649495,39.7392358,-104.990251,exact,119.97,101.97,18.0,175,2025-01,Tuesday,False
ORD-10028,2025-01-07,C0056,Noise-Cancelling Headphones,199.99,1,WELCOME5,Los Angeles,0.05,California,3884307,34.0522342,-118.24368490000002,exact,199.99,189.99,10.0,175,2025-01,Tuesday,False
ORD-10029,2025-01-07,C0092,Mechanical Keyboard,89.99,1,,Dallas,0.0,Texas,1257676,32.7766642,-96.7969879,exact,89.99,89.99,0.0,175,2025-01,Tuesday,False
ORD-10030,2025-01-08,C0012,Wireless Mouse,24.99,1,SAVE15,Denver,0.15,Colorado,649495,39.7392358,-104.990251,exact,24.99,21.24,3.75,174,2025-01,Wednesday,False
ORD-10032,2025-01-09,C0071,Mechanical Keyboard,89.99,1,FREESHIP,Houston,0.0,Texas,2195914,29.7604267,-95.3698028,exact,89.99,89.99,0.0,173,2025-01,Thursday,False
ORD-10033,2025-01-09,C0017,Wireless Mouse,24.99,1,,Dallas,0.0,Texas,1257676,32.7766642,-96.7969879,exact,24.99,24.99,0.0,173,2025-01,Thursday,False
ORD-10034,2025-01-10,C0147,Mechanical Keyboard,89.99,2,SAVE10,Philadelphia,0.1,Pennsylvania,1553165,39.9525839,-75.1652215,exact,179.98,161.98,18.0,172,2025-01,Friday,False
ORD-10035,2025-01-10,C0135,1080p Webcam,59.99,4,WELCOME5,New York,0.05,New York,8405837,40.7127837,-74.00594129999999,exact,239.96,227.96,12.0,172,2025-01,Friday,False
ORD-10037,2025-01-11,C0028,1080p Webcam,59.99,1,SAVE15,Dallas,0.15,Texas,1257676,32.7766642,-96.7969879,exact,59.99,50.99,9.0,171,2025-01,Saturday,True
ORD-10038,2025-01-11,C0117,Wireless Mouse,24.99,2,,Houston,0.0,Texas,2195914,29.7604267,-95.3698028,exact,49.98,49.98,0.0,171,2025-01,Saturday,True
ORD-10039,2025-01-12,C0051,LED Desk Lamp,29.99,5,SAVE10,Boston,0.1,Massachusetts,645966,42.3600825,-71.0588801,exact,149.95,134.95,15.0,170,2025-01,Sunday,True
ORD-10040,2025-01-12,C0023,Mechanical Keyboard,89.99,1,,Atlanta,0.0,Georgia,447841,33.7489954,-84.3879824,exact,89.99,89.99,0.0,170,2025-01,Sunday,True
ORD-10041,2025-01-13,C0068,1080p Webcam,59.99,2,,Dallas,0.0,Texas,1257676,32.7766642,-96.7969879,exact,119.98,119.98,0.0,169,2025-01,Monday,False
ORD-10042,2025-01-13,C0086,LED Desk Lamp,29.99,2,,Los Angeles,0.0,California,3884307,34.0522342,-118.24368490000002,exact,59.98,59.98,0.0,169,2025-01,Monday,False
ORD-10043,2025-01-13,C0141,1080p Webcam,59.99,1,WELCOME5,Dallas,0.05,Texas,1257676,32.7766642,-96.7969879,exact,59.99,56.99,3.0,169,2025-01,Monday,False
ORD-10044,2025-01-14,C0066,Laptop Stand,34.99,1,SAVE10,New York,0.1,New York,8405837,40.7127837,-74.00594129999999,exact,34.99,31.49,3.5,168,2025-01,Tuesday,False
ORD-10045,2025-01-14,C0066,USB-C Hub,39.99,2,,Atlanta,0.0,Georgia,447841,33.7489954,-84.3879824,exact,79.98,79.98,0.0,168,2025-01,Tuesday,False
ORD-10046,2025-01-14,C0015,Wireless Mouse,24.99,5,,Houston,0.0,Texas,2195914,29.7604267,-95.3698028,exact,124.95,124.95,0.0,168,2025-01,Tuesday,False
ORD-10047,2025-01-14,C0010,Laptop Stand,34.99,1,SAVE15,Dallas,0.15,Texas,1257676,32.7766642,-96.7969879,exact,34.99,29.74,5.25,168,2025-01,Tuesday,False
ORD-10048,2025-01-15,C0028,Noise-Cancelling Headphones,199.99,3,WELCOME5,Dallas,0.05,Texas,1257676,32.7766642,-96.7969879,exact,599.97,569.97,30.0,167,2025-01,Wednesday,False
ORD-10049,2025-01-15,C0120,Mechanical Keyboard,89.99,1,SAVE10,Dallas,0.1,Texas,1257676,32.7766642,-96.7969879,exact,89.99,80.99,9.0,167,2025-01,Wednesday,False
ORD-10050,2025-01-15,C0060,27in Monitor,249.99,2,,Houston,0.0,Texas,2195914,29.7604267,-95.3698028,exact,499.98,499.98,0.0,167,2025-01,Wednesday,False
ORD-10051,2025-01-15,C0137,Mechanical Keyboard,89.99,2,SAVE20,Los Angeles,0.2,California,3884307,34.0522342,-118.24368490000002,exact,179.98,143.98,36.0,167,2025-01,Wednesday,False
ORD-10052,2025-01-15,C0015,Mechanical Keyboard,89.99,2,,Miami,0.0,Florida,417650,25.7616798,-80.1917902,exact,179.98,179.98,0.0,167,2025-01,Wednesday,False
ORD-10053,2025-01-15,C0091,Noise-Cancelling Headphones,199.99,1,SAVE20,New York,0.2,New York,8405837,40.7127837,-74.00594129999999,exact,199.99,159.99,40.0,167,2025-01,Wednesday,False
ORD-10054,2025-01-16,C0040,Noise-Cancelling Headphones,199.99,1,,Houston,0.0,Texas,2195914,29.7604267,-95.3698028,exact,199.99,199.99,0.0,166,2025-01,Thursday,False
ORD-10055,2025-01-17,C0130,27in Monitor,249.99,2,,Atlanta,0.0,Georgia,447841,33.7489954,-84.3879824,exact,499.98,499.98,0.0,165,2025-01,Friday,False
ORD-10056,2025-01-17,C0127,LED Desk Lamp,29.99,1,,Boston,0.0,Massachusetts,645966,42.3600825,-71.0588801,exact,29.99,29.99,0.0,165,2025-01,Friday,False
ORD-10058,2025-01-18,C0010,USB-C Hub,39.99,2,,New York,0.0,New York,8405837,40.7127837,-74.00594129999999,exact,79.98,79.98,0.0,164,2025-01,Saturday,True
ORD-10059,2025-01-18,C0051,Noise-Cancelling Headphones,199.99,1,,Houston,0.0,Texas,2195914,29.7604267,-95.3698028,exact,199.99,199.99,0.0,164,2025-01,Saturday,True
ORD-10060,2025-01-19,C0077,Wireless Mouse,24.99,2,,Miami,0.0,Florida,417650,25.7616798,-80.1917902,exact,49.98,49.98,0.0,163,2025-01,Sunday,True
ORD-10061,2025-01-20,C0089,Wireless Mouse,24.99,4,,Philadelphia,0.0,Pennsylvania,1553165,39.9525839,-75.1652215,exact,99.96,99.96,0.0,162,2025-01,Monday,False
ORD-10062,2025-01-20,C0062,Laptop Stand,34.99,1,SAVE10,New York,0.1,New York,8405837,40.7127837,-74.00594129999999,exact,34.99,31.49,3.5,162,2025-01,Monday,False
ORD-10063,2025-01-21,C0111,USB-C Hub,39.99,3,SAVE10,Chicago,0.1,Illinois,2718782,41.8781136,-87.62979820000001,exact,119.97,107.97,12.0,161,2025-01,Tuesday,False
ORD-10064,2025-01-21,UNKNOWN,Wireless Mouse,24.99,1,SAVE10,New York,0.1,New York,8405837,40.7127837,-74.00594129999999,exact,24.99,22.49,2.5,161,2025-01,Tuesday,False
ORD-10065,2025-01-22,C0003,1080p Webcam,59.99,1,,Atlanta,0.0,Georgia,447841,33.7489954,-84.3879824,exact,59.99,59.99,0.0,160,2025-01,Wednesday,False
ORD-10066,2025-01-23,C0020,Wireless Mouse,24.99,2,,Dallas,0.0,Texas,1257676,32.7766642,-96.7969879,exact,49.98,49.98,0.0,159,2025-01,Thursday,False
ORD-10067,2025-01-23,C0112,Wireless Mouse,24.99,1,SAVE10,Los Angeles,0.1,California,3884307,34.0522342,-118.24368490000002,exact,24.99,22.49,2.5,159,2025-01,Thursday,False
ORD-10068,2025-01-23,C0049,Noise-Cancelling Headphones,199.99,1,SAVE10,Chicago,0.1,Illinois,2718782,41.8781136,-87.62979820000001,exact,199.99,179.99,20.0,159,2025-01,Thursday,False
ORD-10069,2025-01-23,UNKNOWN,Mechanical Keyboard,89.99,1,SAVE20,Los Angeles,0.2,California,3884307,34.0522342,-118.24368490000002,exact,89.99,71.99,18.0,159,2025-01,Thursday,False
ORD-10070,2025-01-24,C0055,USB-C Hub,39.99,1,SAVE10,Austin,0.1,Texas,885400,30.267153000000004,-97.7430608,exact,39.99,35.99,4.0,158,2025-01,Friday,False
ORD-10071,2025-01-24,C0146,Noise-Cancelling Headphones,199.99,1,,Austin,0.0,Texas,885400,30.267153000000004,-97.7430608,exact,199.99,199.99,0.0,158,2025-01,Friday,False
ORD-10072,2025-01-24,C0142,LED Desk Lamp,29.99,2,WELCOME5,Houston,0.05,Texas,2195914,29.7604267,-95.3698028,exact,59.98,56.98,3.0,158,2025-01,Friday,False
ORD-10073,2025-01-25,C0004,LED Desk Lamp,29.99,2,,Houston,0.0,Texas,2195914,29.7604267,-95.3698028,exact,59.98,59.98,0.0,157,2025-01,Saturday,True
ORD-10074,2025-01-25,C0032,27in Monitor,249.99,1,,Portland,0.0,Oregon,609456,45.523062200000005,-122.6764816,ambiguous: largest chosen,249.99,249.99,0.0,157,2025-01,Saturday,True
ORD-10075,2025-01-26,UNKNOWN,USB-C Hub,39.99,2,SAVE20,Los Angeles,0.2,California,3884307,34.0522342,-118.24368490000002,exact,79.98,63.98,16.0,156,2025-01,Sunday,True
ORD-10076,2025-01-26,C0006,USB-C Hub,39.99,2,,Dallas,0.0,Texas,1257676,32.7766642,-96.7969879,exact,79.98,79.98,0.0,156,2025-01,Sunday,True
ORD-10077,2025-01-26,C0044,LED Desk Lamp,29.99,1,SAVE15,New York,0.15,New York,8405837,40.7127837,-74.00594129999999,exact,29.99,25.49,4.5,156,2025-01,Sunday,True
ORD-10078,2025-01-26,C0052,LED Desk Lamp,29.99,1,,Houston,0.0,Texas,2195914,29.7604267,-95.3698028,exact,29.99,29.99,0.0,156,2025-01,Sunday,True
ORD-10079,2025-01-26,C0121,Laptop Stand,34.99,1,,Chicago,0.0,Illinois,2718782,41.8781136,-87.62979820000001,exact,34.99,34.99,0.0,156,2025-01,Sunday,True
ORD-10080,2025-01-27,C0076,Laptop Stand,34.99,3,WELCOME5,Austin,0.05,Texas,885400,30.267153000000004,-97.7430608,exact,104.97,99.72,5.25,155,2025-01,Monday,False
ORD-10081,2025-01-27,C0131,Wireless Mouse,24.99,2,,Los Angeles,0.0,California,3884307,34.0522342,-118.24368490000002,exact,49.98,49.98,0.0,155,2025-01,Monday,False
ORD-10083,2025-01-27,C0081,Wireless Mouse,24.99,1,SAVE10,Seattle,0.1,Washington,652405,47.6062095,-122.33207079999998,exact,24.99,22.49,2.5,155,2025-01,Monday,False
ORD-10084,2025-01-27,C0126,USB-C Hub,39.99,3,,Los Angeles,0.0,California,3884307,34.0522342,-118.24368490000002,exact,119.97,119.97,0.0,155,2025-01,Monday,False
ORD-10086,2025-01-29,C0093,Wireless Mouse,24.99,3,,Atlanta,0.0,Georgia,447841,33.7489954,-84.3879824,exact,74.97,74.97,0.0,153,2025-01,Wednesday,False
ORD-10087,2025-01-29,C0114,27in Monitor,249.99,3,,Seattle,0.0,Washington,652405,47.6062095,-122.33207079999998,exact,749.97,749.97,0.0,153,2025-01,Wednesday,False
ORD-10088,2025-01-29,C0038,1080p Webcam,59.99,1,,Portland,0.0,Oregon,609456,45.523062200000005,-122.6764816,ambiguous: largest chosen,59.99,59.99,0.0,153,2025-01,Wednesday,False
ORD-10089,2025-01-30,C0141,USB-C Hub,39.99,2,SAVE15,Chicago,0.15,Illinois,2718782,41.8781136,-87.62979820000001,exact,79.98,67.98,12.0,152,2025-01,Thursday,False
ORD-10090,2025-01-30,C0070,1080p Webcam,59.99,1,,Portland,0.0,Oregon,609456,45.523062200000005,-122.6764816,ambiguous: largest chosen,59.99,59.99,0.0,152,2025-01,Thursday,False
ORD-10091,2025-01-30,C0128,USB-C Hub,39.99,3,,Dallas,0.0,Texas,1257676,32.7766642,-96.7969879,exact,119.97,119.97,0.0,152,2025-01,Thursday,False
ORD-10092,2025-01-30,C0068,Laptop Stand,34.99,2,,Portland,0.0,Oregon,609456,45.523062200000005,-122.6764816,ambiguous: largest chosen,69.98,69.98,0.0,152,2025-01,Thursday,False
ORD-10093,2025-01-31,C0039,1080p Webcam,59.99,4,SAVE10,Portland,0.1,Oregon,609456,45.523062200000005,-122.6764816,ambiguous: largest chosen,239.96,215.96,24.0,151,2025-01,Friday,False
ORD-10094,2025-01-31,C0079,27in Monitor,249.99,3,SAVE10,Philadelphia,0.1,Pennsylvania,1553165,39.9525839,-75.1652215,exact,749.97,674.97,75.0,151,2025-01,Friday,False
ORD-10095,2025-01-31,C0148,USB-C Hub,39.99,1,SAVE15,Atlanta,0.15,Georgia,447841,33.7489954,-84.3879824,exact,39.99,33.99,6.0,151,2025-01,Friday,False
ORD-10096,2025-01-31,C0131,USB-C Hub,39.99,4,WELCOME5,Los Angeles,0.05,California,3884307,34.0522342,-118.24368490000002,exact,159.96,151.96,8.0,151,2025-01,Friday,False
ORD-10097,2025-01-31,C0073,27in Monitor,249.99,1,SAVE15,Seattle,0.15,Washington,652405,47.6062095,-122.33207079999998,exact,249.99,212.49,37.5,151,2025-01,Friday,False
ORD-10098,2025-02-01,C0104,Wireless Mouse,24.99,1,WELCOME5,Los Angeles,0.05,California,3884307,34.0522342,-118.24368490000002,exact,24.99,23.74,1.25,150,2025-02,Saturday,True
ORD-10099,2025-02-01,C0075,Noise-Cancelling Headphones,199.99,1,,Portland,0.0,Oregon,609456,45.523062200000005,-122.6764816,ambiguous: largest chosen,199.99,199.99,0.0,150,2025-02,Saturday,True
ORD-10100,2025-02-01,C0121,Mechanical Keyboard,89.99,1,,Los Angeles,0.0,California,3884307,34.0522342,-118.24368490000002,exact,89.99,89.99,0.0,150,2025-02,Saturday,True
ORD-10101,2025-02-01,C0020,USB-C Hub,39.99,1,SAVE20,Denver,0.2,Colorado,649495,39.7392358,-104.990251,exact,39.99,31.99,8.0,150,2025-02,Saturday,True
ORD-10102,2025-02-01,C0077,Wireless Mouse,24.99,1,,Los Angeles,0.0,California,3884307,34.0522342,-118.24368490000002,exact,24.99,24.99,0.0,150,2025-02,Saturday,True
ORD-10103,2025-02-01,C0003,Wireless Mouse,24.99,2,,San Diego,0.0,California,1355896,32.715738,-117.1610838,exact,49.98,49.98,0.0,150,2025-02,Saturday,True
ORD-10104,2025-02-02,C0047,USB-C Hub,39.99,1,SAVE15,Los Angeles,0.15,California,3884307,34.0522342,-118.24368490000002,exact,39.99,33.99,6.0,149,2025-02,Sunday,True
ORD-10105,2025-02-02,C0145,1080p Webcam,59.99,3,,New York,0.0,New York,8405837,40.7127837,-74.00594129999999,exact,179.97,179.97,0.0,149,2025-02,Sunday,True
ORD-10106,2025-02-02,C0121,Wireless Mouse,24.99,1,WELCOME5,Houston,0.05,Texas,2195914,29.7604267,-95.3698028,exact,24.99,23.74,1.25,149,2025-02,Sunday,True
ORD-10107,2025-02-02,C0079,LED Desk Lamp,29.99,5,SAVE10,Austin,0.1,Texas,885400,30.267153000000004,-97.7430608,exact,149.95,134.95,15.0,149,2025-02,Sunday,True
ORD-10108,2025-02-03,C0136,27in Monitor,249.99,2,WELCOME5,Austin,0.05,Texas,885400,30.267153000000004,-97.7430608,exact,499.98,474.98,25.0,148,2025-02,Monday,False
ORD-10109,2025-02-03,C0075,Noise-Cancelling Headphones,199.99,4,,New York,0.0,New York,8405837,40.7127837,-74.00594129999999,exact,799.96,799.96,0.0,148,2025-02,Monday,False
ORD-10110,2025-02-03,C0079,27in Monitor,249.99,3,SAVE10,Boston,0.1,Massachusetts,645966,42.3600825,-71.0588801,exact,749.97,674.97,75.0,148,2025-02,Monday,False
ORD-10111,2025-02-04,C0110,Mechanical Keyboard,89.99,1,,Boston,0.0,Massachusetts,645966,42.3600825,-71.0588801,exact,89.99,89.99,0.0,147,2025-02,Tuesday,False
ORD-10112,2025-02-05,C0126,Laptop Stand,34.99,1,,Chicago,0.0,Illinois,2718782,41.8781136,-87.62979820000001,exact,34.99,34.99,0.0,146,2025-02,Wednesday,False
ORD-10113,2025-02-05,C0071,1080p Webcam,59.99,1,,Phoenix,0.0,Arizona,1513367,33.4483771,-112.0740373,exact,59.99,59.99,0.0,146,2025-02,Wednesday,False
ORD-10114,2025-02-05,C0105,1080p Webcam,59.99,2,,Chicago,0.0,Illinois,2718782,41.8781136,-87.62979820000001,exact,119.98,119.98,0.0,146,2025-02,Wednesday,False
ORD-10116,2025-02-06,C0132,27in Monitor,249.99,3,,Portland,0.0,Oregon,609456,45.523062200000005,-122.6764816,ambiguous: largest chosen,749.97,749.97,0.0,145,2025-02,Thursday,False
ORD-10117,2025-02-06,UNKNOWN,Laptop Stand,34.99,1,FREESHIP,Denver,0.0,Colorado,649495,39.7392358,-104.990251,exact,34.99,34.99,0.0,145,2025-02,Thursday,False
ORD-10118,2025-02-06,C0150,Wireless Mouse,24.99,3,,Chicago,0.0,Illinois,2718782,41.8781136,-87.62979820000001,exact,74.97,74.97,0.0,145,2025-02,Thursday,False
ORD-10119,2025-02-06,C0115,USB-C Hub,39.99,1,,Chicago,0.0,Illinois,2718782,41.8781136,-87.62979820000001,exact,39.99,39.99,0.0,145,2025-02,Thursday,False
ORD-10120,2025-02-07,C0118,1080p Webcam,59.99,3,SAVE15,New York,0.15,New York,8405837,40.7127837,-74.00594129999999,exact,179.97,152.97,27.0,144,2025-02,Friday,False
ORD-10121,2025-02-08,C0043,LED Desk Lamp,29.99,1,,Miami,0.0,Florida,417650,25.7616798,-80.1917902,exact,29.99,29.99,0.0,143,2025-02,Saturday,True
ORD-10122,2025-02-08,C0003,Laptop Stand,34.99,2,,New York,0.0,New York,8405837,40.7127837,-74.00594129999999,exact,69.98,69.98,0.0,143,2025-02,Saturday,True
ORD-10123,2025-02-09,C0066,Noise-Cancelling Headphones,199.99,1,FREESHIP,Chicago,0.0,Illinois,2718782,41.8781136,-87.62979820000001,exact,199.99,199.99,0.0,142,2025-02,Sunday,True
ORD-10124,2025-02-10,C0073,Laptop Stand,34.99,2,,Dallas,0.0,Texas,1257676,32.7766642,-96.7969879,exact,69.98,69.98,0.0,141,2025-02,Monday,False
ORD-10125,2025-02-10,C0109,LED Desk Lamp,29.99,1,,Portland,0.0,Oregon,609456,45.523062200000005,-122.6764816,ambiguous: largest chosen,29.99,29.99,0.0,141,2025-02,Monday,False
ORD-10126,2025-02-10,C0061,Wireless Mouse,24.99,1,FREESHIP,Chicago,0.0,Illinois,2718782,41.8781136,-87.62979820000001,exact,24.99,24.99,0.0,141,2025-02,Monday,False
ORD-10127,2025-02-10,C0036,LED Desk Lamp,29.99,1,,Los Angeles,0.0,California,3884307,34.0522342,-118.24368490000002,exact,29.99,29.99,0.0,141,2025-02,Monday,False
ORD-10128,2025-02-10,C0106,Mechanical Keyboard,89.99,1,,Los Angeles,0.0,California,3884307,34.0522342,-118.24368490000002,exact,89.99,89.99,0.0,141,2025-02,Monday,False
ORD-10129,2025-02-10,C0074,Wireless Mouse,24.99,2,WELCOME5,Los Angeles,0.05,California,3884307,34.0522342,-118.24368490000002,exact,49.98,47.48,2.5,141,2025-02,Monday,False
ORD-10130,2025-02-10,C0101,LED Desk Lamp,29.99,1,,Austin,0.0,Texas,885400,30.267153000000004,-97.7430608,exact,29.99,29.99,0.0,141,2025-02,Monday,False
ORD-10131,2025-02-11,C0039,USB-C Hub,39.99,1,,Seattle,0.0,Washington,652405,47.6062095,-122.33207079999998,exact,39.99,39.99,0.0,140,2025-02,Tuesday,False
ORD-10132,2025-02-11,C0103,Wireless Mouse,24.99,4,,New York,0.0,New York,8405837,40.7127837,-74.00594129999999,exact,99.96,99.96,0.0,140,2025-02,Tuesday,False
ORD-10133,2025-02-11,C0033,1080p Webcam,59.99,2,,Chicago,0.0,Illinois,2718782,41.8781136,-87.62979820000001,exact,119.98,119.98,0.0,140,2025-02,Tuesday,False
ORD-10134,2025-02-11,C0131,USB-C Hub,39.99,2,SAVE10,Philadelphia,0.1,Pennsylvania,1553165,39.9525839,-75.1652215,exact,79.98,71.98,8.0,140,2025-02,Tuesday,False
ORD-10135,2025-02-12,C0072,Laptop Stand,34.99,1,,New York,0.0,New York,8405837,40.7127837,-74.00594129999999,exact,34.99,34.99,0.0,139,2025-02,Wednesday,False
ORD-10136,2025-02-12,C0056,1080p Webcam,59.99,1,SAVE15,Chicago,0.15,Illinois,2718782,41.8781136,-87.62979820000001,exact,59.99,50.99,9.0,139,2025-02,Wednesday,False
ORD-10137,2025-02-12,C0124,27in Monitor,249.99,1,SAVE20,New York,0.2,New York,8405837,40.7127837,-74.00594129999999,exact,249.99,199.99,50.0,139,2025-02,Wednesday,False
ORD-10138,2025-02-13,C0107,1080p Webcam,59.99,2,,Austin,0.0,Texas,885400,30.267153000000004,-97.7430608,exact,119.98,119.98,0.0,138,2025-02,Thursday,False
ORD-10139,2025-02-14,C0036,1080p Webcam,59.99,3,,Austin,0.0,Texas,885400,30.267153000000004,-97.7430608,exact,179.97,179.97,0.0,137,2025-02,Friday,False
ORD-10140,2025-02-14,C0095,27in Monitor,249.99,1,,Phoenix,0.0,Arizona,1513367,33.4483771,-112.0740373,exact,249.99,249.99,0.0,137,2025-02,Friday,False
ORD-10141,2025-02-15,C0049,Wireless Mouse,24.99,1,SAVE15,Los Angeles,0.15,California,3884307,34.0522342,-118.24368490000002,exact,24.99,21.24,3.75,136,2025-02,Saturday,True
ORD-10142,2025-02-16,C0048,Laptop Stand,34.99,1,,Chicago,0.0,Illinois,2718782,41.8781136,-87.62979820000001,exact,34.99,34.99,0.0,135,2025-02,Sunday,True
ORD-10143,2025-02-16,C0071,27in Monitor,249.99,4,WELCOME5,Philadelphia,0.05,Pennsylvania,1553165,39.9525839,-75.1652215,exact,999.96,949.96,50.0,135,2025-02,Sunday,True
ORD-10144,2025-02-16,C0049,Mechanical Keyboard,89.99,2,,Denver,0.0,Colorado,649495,39.7392358,-104.990251,exact,179.98,179.98,0.0,135,2025-02,Sunday,True
ORD-10145,2025-02-16,C0061,LED Desk Lamp,29.99,1,,Austin,0.0,Texas,885400,30.267153000000004,-97.7430608,exact,29.99,29.99,0.0,135,2025-02,Sunday,True
ORD-10146,2025-02-16,C0028,Mechanical Keyboard,89.99,1,,New York,0.0,New York,8405837,40.7127837,-74.00594129999999,exact,89.99,89.99,0.0,135,2025-02,Sunday,True
ORD-10147,2025-02-16,C0077,USB-C Hub,39.99,2,,Atlanta,0.0,Georgia,447841,33.7489954,-84.3879824,exact,79.98,79.98,0.0,135,2025-02,Sunday,True
ORD-10148,2025-02-16,C0025,Laptop Stand,34.99,1,,Boston,0.0,Massachusetts,645966,42.3600825,-71.0588801,exact,34.99,34.99,0.0,135,2025-02,Sunday,True
ORD-10149,2025-02-16,C0128,Wireless Mouse,24.99,1,,Seattle,0.0,Washington,652405,47.6062095,-122.33207079999998,exact,24.99,24.99,0.0,135,2025-02,Sunday,True
ORD-10150,2025-02-18,C0126,Wireless Mouse,24.99,2,,Atlanta,0.0,Georgia,447841,33.7489954,-84.3879824,exact,49.98,49.98,0.0,133,2025-02,Tuesday,False
ORD-10152,2025-02-18,C0101,USB-C Hub,39.99,1,,Portland,0.0,Oregon,609456,45.523062200000005,-122.6764816,ambiguous: largest chosen,39.99,39.99,0.0,133,2025-02,Tuesday,False
ORD-10153,2025-02-18,C0096,USB-C Hub,39.99,1,,Seattle,0.0,Washington,652405,47.6062095,-122.33207079999998,exact,39.99,39.99,0.0,133,2025-02,Tuesday,False
ORD-10154,2025-02-19,C0126,USB-C Hub,39.99,2,,Houston,0.0,Texas,2195914,29.7604267,-95.3698028,exact,79.98,79.98,0.0,132,2025-02,Wednesday,False
ORD-10155,2025-02-19,C0002,Laptop Stand,34.99,1,SAVE20,Atlanta,0.2,Georgia,447841,33.7489954,-84.3879824,exact,34.99,27.99,7.0,132,2025-02,Wednesday,False
ORD-10156,2025-02-19,C0099,27in Monitor,249.99,1,,Atlanta,0.0,Georgia,447841,33.7489954,-84.3879824,exact,249.99,249.99,0.0,132,2025-02,Wednesday,False
ORD-10157,2025-02-19,C0120,LED Desk Lamp,29.99,1,SAVE10,Los Angeles,0.1,California,3884307,34.0522342,-118.24368490000002,exact,29.99,26.99,3.0,132,2025-02,Wednesday,False
ORD-10159,2025-02-20,C0086,Wireless Mouse,24.99,1,,Phoenix,0.0,Arizona,1513367,33.4483771,-112.0740373,exact,24.99,24.99,0.0,131,2025-02,Thursday,False
ORD-10160,2025-02-20,C0006,Wireless Mouse,24.99,2,WELCOME5,Boston,0.05,Massachusetts,645966,42.3600825,-71.0588801,exact,49.98,47.48,2.5,131,2025-02,Thursday,False
ORD-10161,2025-02-20,C0133,Noise-Cancelling Headphones,199.99,1,FREESHIP,New York,0.0,New York,8405837,40.7127837,-74.00594129999999,exact,199.99,199.99,0.0,131,2025-02,Thursday,False
ORD-10162,2025-02-21,C0021,Wireless Mouse,24.99,1,,Seattle,0.0,Washington,652405,47.6062095,-122.33207079999998,exact,24.99,24.99,0.0,130,2025-02,Friday,False
ORD-10163,2025-02-21,C0101,Wireless Mouse,24.99,1,SAVE20,Chicago,0.2,Illinois,2718782,41.8781136,-87.62979820000001,exact,24.99,19.99,5.0,130,2025-02,Friday,False
ORD-10164,2025-02-22,C0010,USB-C Hub,39.99,3,SAVE10,Seattle,0.1,Washington,652405,47.6062095,-122.33207079999998,exact,119.97,107.97,12.0,129,2025-02,Saturday,True
ORD-10165,2025-02-22,C0098,LED Desk Lamp,29.99,1,SAVE15,Los Angeles,0.15,California,3884307,34.0522342,-118.24368490000002,exact,29.99,25.49,4.5,129,2025-02,Saturday,True
ORD-10166,2025-02-22,C0076,1080p Webcam,59.99,2,,New York,0.0,New York,8405837,40.7127837,-74.00594129999999,exact,119.98,119.98,0.0,129,2025-02,Saturday,True
ORD-10167,2025-02-23,C0060,Laptop Stand,34.99,2,,Denver,0.0,Colorado,649495,39.7392358,-104.990251,exact,69.98,69.98,0.0,128,2025-02,Sunday,True
ORD-10168,2025-02-23,C0065,Wireless Mouse,24.99,1,,Los Angeles,0.0,California,3884307,34.0522342,-118.24368490000002,exact,24.99,24.99,0.0,128,2025-02,Sunday,True
ORD-10169,2025-02-23,C0006,1080p Webcam,59.99,2,,Los Angeles,0.0,California,3884307,34.0522342,-118.24368490000002,exact,119.98,119.98,0.0,128,2025-02,Sunday,True
ORD-10170,2025-02-24,C0148,Mechanical Keyboard,89.99,1,SAVE10,San Diego,0.1,California,1355896,32.715738,-117.1610838,exact,89.99,80.99,9.0,127,2025-02,Monday,False
ORD-10171,2025-02-24,C0074,Mechanical Keyboard,89.99,1,SAVE10,Austin,0.1,Texas,885400,30.267153000000004,-97.7430608,exact,89.99,80.99,9.0,127,2025-02,Monday,False
ORD-10172,2025-02-24,C0128,27in Monitor,249.99,2,,Austin,0.0,Texas,885400,30.267153000000004,-97.7430608,exact,499.98,499.98,0.0,127,2025-02,Monday,False
ORD-10173,2025-02-24,C0002,Wireless Mouse,24.99,1,,Los Angeles,0.0,California,3884307,34.0522342,-118.24368490000002,exact,24.99,24.99,0.0,127,2025-02,Monday,False
ORD-10174,2025-02-24,C0078,USB-C Hub,39.99,1,,Los Angeles,0.0,California,3884307,34.0522342,-118.24368490000002,exact,39.99,39.99,0.0,127,2025-02,Monday,False
ORD-10175,2025-02-25,C0005,Mechanical Keyboard,89.99,1,,Dallas,0.0,Texas,1257676,32.7766642,-96.7969879,exact,89.99,89.99,0.0,126,2025-02,Tuesday,False
ORD-10176,2025-02-25,C0082,Noise-Cancelling Headphones,199.99,1,,Boston,0.0,Massachusetts,645966,42.3600825,-71.0588801,exact,199.99,199.99,0.0,126,2025-02,Tuesday,False
ORD-10177,2025-02-26,C0150,Wireless Mouse,24.99,1,,Los Angeles,0.0,California,3884307,34.0522342,-118.24368490000002,exact,24.99,24.99,0.0,125,2025-02,Wednesday,False
ORD-10178,2025-02-26,C0114,Mechanical Keyboard,89.99,1,SAVE15,Chicago,0.15,Illinois,2718782,41.8781136,-87.62979820000001,exact,89.99,76.49,13.5,125,2025-02,Wednesday,False
ORD-10179,2025-02-26,C0019,LED Desk Lamp,29.99,2,SAVE15,Seattle,0.15,Washington,652405,47.6062095,-122.33207079999998,exact,59.98,50.98,9.0,125,2025-02,Wednesday,False
ORD-10180,2025-02-27,C0031,1080p Webcam,59.99,3,SAVE20,Phoenix,0.2,Arizona,1513367,33.4483771,-112.0740373,exact,179.97,143.98,35.99,124,2025-02,Thursday,False
ORD-10181,2025-02-27,C0096,Mechanical Keyboard,89.99,1,,Los Angeles,0.0,California,3884307,34.0522342,-118.24368490000002,exact,89.99,89.99,0.0,124,2025-02,Thursday,False
ORD-10182,2025-02-27,C0072,LED Desk Lamp,29.99,1,,San Diego,0.0,California,1355896,32.715738,-117.1610838,exact,29.99,29.99,0.0,124,2025-02,Thursday,False
ORD-10183,2025-02-27,C0091,Mechanical Keyboard,89.99,1,WELCOME5,Phoenix,0.05,Arizona,1513367,33.4483771,-112.0740373,exact,89.99,85.49,4.5,124,2025-02,Thursday,False
ORD-10184,2025-02-27,C0085,Laptop Stand,34.99,1,SAVE15,Los Angeles,0.15,California,3884307,34.0522342,-118.24368490000002,exact,34.99,29.74,5.25,124,2025-02,Thursday,False
ORD-10185,2025-02-28,C0133,27in Monitor,249.99,3,,Los Angeles,0.0,California,3884307,34.0522342,-118.24368490000002,exact,749.97,749.97,0.0,123,2025-02,Friday,False
ORD-10186,2025-02-28,C0005,1080p Webcam,59.99,1,,Austin,0.0,Texas,885400,30.267153000000004,-97.7430608,exact,59.99,59.99,0.0,123,2025-02,Friday,False
ORD-10187,2025-02-28,C0056,USB-C Hub,39.99,1,,Phoenix,0.0,Arizona,1513367,33.4483771,-112.0740373,exact,39.99,39.99,0.0,123,2025-02,Friday,False
ORD-10188,2025-03-01,C0070,Laptop Stand,34.99,5,WELCOME5,Los Angeles,0.05,California,3884307,34.0522342,-118.24368490000002,exact,174.95,166.2,8.75,122,2025-03,Saturday,True
ORD-10189,2025-03-01,C0101,Wireless Mouse,24.99,1,WELCOME5,Los Angeles,0.05,California,3884307,34.0522342,-118.24368490000002,exact,24.99,23.74,1.25,122,2025-03,Saturday,True
ORD-10190,2025-03-02,C0049,Wireless Mouse,24.99,1,,Philadelphia,0.0,Pennsylvania,1553165,39.9525839,-75.1652215,exact,24.99,24.99,0.0,121,2025-03,Sunday,True
ORD-10191,2025-03-02,C0077,Mechanical Keyboard,89.99,3,,Los Angeles,0.0,California,3884307,34.0522342,-118.24368490000002,exact,269.97,269.97,0.0,121,2025-03,Sunday,True
ORD-10192,2025-03-02,C0107,Laptop Stand,34.99,1,,Austin,0.0,Texas,885400,30.267153000000004,-97.7430608,exact,34.99,34.99,0.0,121,2025-03,Sunday,True
ORD-10193,2025-03-02,C0077,Mechanical Keyboard,89.99,1,,Dallas,0.0,Texas,1257676,32.7766642,-96.7969879,exact,89.99,89.99,0.0,121,2025-03,Sunday,True
ORD-10194,2025-03-02,C0150,Mechanical Keyboard,89.99,2,SAVE15,Chicago,0.15,Illinois,2718782,41.8781136,-87.62979820000001,exact,179.98,152.98,27.0,121,2025-03,Sunday,True
ORD-10195,2025-03-05,C0010,27in Monitor,249.99,1,,New York,0.0,New York,8405837,40.7127837,-74.00594129999999,exact,249.99,249.99,0.0,118,2025-03,Wednesday,False
ORD-10196,2025-03-05,C0138,LED Desk Lamp,29.99,1,SAVE15,Chicago,0.15,Illinois,2718782,41.8781136,-87.62979820000001,exact,29.99,25.49,4.5,118,2025-03,Wednesday,False
ORD-10197,2025-03-06,C0112,LED Desk Lamp,29.99,2,SAVE10,Seattle,0.1,Washington,652405,47.6062095,-122.33207079999998,exact,59.98,53.98,6.0,117,2025-03,Thursday,False
ORD-10198,2025-03-07,C0038,Mechanical Keyboard,89.99,3,SAVE15,Miami,0.15,Florida,417650,25.7616798,-80.1917902,exact,269.97,229.47,40.5,116,2025-03,Friday,False
ORD-10199,2025-03-07,C0139,27in Monitor,249.99,1,SAVE20,Miami,0.2,Florida,417650,25.7616798,-80.1917902,exact,249.99,199.99,50.0,116,2025-03,Friday,False
ORD-10200,2025-03-08,C0047,Noise-Cancelling Headphones,199.99,1,WELCOME5,Los Angeles,0.05,California,3884307,34.0522342,-118.24368490000002,exact,199.99,189.99,10.0,115,2025-03,Saturday,True
ORD-10201,2025-03-08,C0142,Laptop Stand,34.99,1,,Los Angeles,0.0,California,3884307,34.0522342,-118.24368490000002,exact,34.99,34.99,0.0,115,2025-03,Saturday,True
ORD-10202,2025-03-09,C0084,1080p Webcam,59.99,2,,Austin,0.0,Texas,885400,30.267153000000004,-97.7430608,exact,119.98,119.98,0.0,114,2025-03,Sunday,True
ORD-10203,2025-03-09,C0147,1080p Webcam,59.99,2,SAVE10,Chicago,0.1,Illinois,2718782,41.8781136,-87.62979820000001,exact,119.98,107.98,12.0,114,2025-03,Sunday,True
ORD-10204,2025-03-09,C0138,LED Desk Lamp,29.99,1,,Houston,0.0,Texas,2195914,29.7604267,-95.3698028,exact,29.99,29.99,0.0,114,2025-03,Sunday,True
ORD-10205,2025-03-10,C0097,Wireless Mouse,24.99,1,,New York,0.0,New York,8405837,40.7127837,-74.00594129999999,exact,24.99,24.99,0.0,113,2025-03,Monday,False
ORD-10206,2025-03-10,C0137,USB-C Hub,39.99,1,,New York,0.0,New York,8405837,40.7127837,-74.00594129999999,exact,39.99,39.99,0.0,113,2025-03,Monday,False
ORD-10207,2025-03-10,C0119,Laptop Stand,34.99,2,,Atlanta,0.0,Georgia,447841,33.7489954,-84.3879824,exact,69.98,69.98,0.0,113,2025-03,Monday,False
ORD-10208,2025-03-10,C0103,Mechanical Keyboard,89.99,5,,Austin,0.0,Texas,885400,30.267153000000004,-97.7430608,exact,449.95,449.95,0.0,113,2025-03,Monday,False
ORD-10209,2025-03-10,C0055,27in Monitor,249.99,2,FREESHIP,New York,0.0,New York,8405837,40.7127837,-74.00594129999999,exact,499.98,499.98,0.0,113,2025-03,Monday,False
ORD-10210,2025-03-11,C0130,Wireless Mouse,24.99,3,,Philadelphia,0.0,Pennsylvania,1553165,39.9525839,-75.1652215,exact,74.97,74.97,0.0,112,2025-03,Tuesday,False
ORD-10211,2025-03-12,C0038,Noise-Cancelling Headphones,199.99,1,WELCOME5,San Diego,0.05,California,1355896,32.715738,-117.1610838,exact,199.99,189.99,10.0,111,2025-03,Wednesday,False
ORD-10212,2025-03-12,C0144,Wireless Mouse,24.99,2,SAVE10,Phoenix,0.1,Arizona,1513367,33.4483771,-112.0740373,exact,49.98,44.98,5.0,111,2025-03,Wednesday,False
ORD-10213,2025-03-14,C0098,Noise-Cancelling Headphones,199.99,5,SAVE15,Atlanta,0.15,Georgia,447841,33.7489954,-84.3879824,exact,999.95,849.96,149.99,109,2025-03,Friday,False
ORD-10214,2025-03-14,C0041,USB-C Hub,39.99,2,,Phoenix,0.0,Arizona,1513367,33.4483771,-112.0740373,exact,79.98,79.98,0.0,109,2025-03,Friday,False
ORD-10215,2025-03-14,C0087,1080p Webcam,59.99,2,,Dallas,0.0,Texas,1257676,32.7766642,-96.7969879,exact,119.98,119.98,0.0,109,2025-03,Friday,False
ORD-10216,2025-03-14,C0023,Laptop Stand,34.99,1,,Portland,0.0,Oregon,609456,45.523062200000005,-122.6764816,ambiguous: largest chosen,34.99,34.99,0.0,109,2025-03,Friday,False
ORD-10217,2025-03-15,C0039,USB-C Hub,39.99,2,FREESHIP,Houston,0.0,Texas,2195914,29.7604267,-95.3698028,exact,79.98,79.98,0.0,108,2025-03,Saturday,True
ORD-10218,2025-03-16,C0105,Wireless Mouse,24.99,2,,Dallas,0.0,Texas,1257676,32.7766642,-96.7969879,exact,49.98,49.98,0.0,107,2025-03,Sunday,True
ORD-10219,2025-03-16,C0063,USB-C Hub,39.99,1,,Los Angeles,0.0,California,3884307,34.0522342,-118.24368490000002,exact,39.99,39.99,0.0,107,2025-03,Sunday,True
ORD-10220,2025-03-16,C0129,27in Monitor,249.99,2,,Boston,0.0,Massachusetts,645966,42.3600825,-71.0588801,exact,499.98,499.98,0.0,107,2025-03,Sunday,True
ORD-10221,2025-03-16,C0132,27in Monitor,249.99,1,,Phoenix,0.0,Arizona,1513367,33.4483771,-112.0740373,exact,249.99,249.99,0.0,107,2025-03,Sunday,True
ORD-10222,2025-03-17,C0048,Mechanical Keyboard,89.99,1,,Atlanta,0.0,Georgia,447841,33.7489954,-84.3879824,exact,89.99,89.99,0.0,106,2025-03,Monday,False
ORD-10223,2025-03-17,C0011,27in Monitor,249.99,1,,Austin,0.0,Texas,885400,30.267153000000004,-97.7430608,exact,249.99,249.99,0.0,106,2025-03,Monday,False
ORD-10225,2025-03-17,C0018,Noise-Cancelling Headphones,199.99,1,,Philadelphia,0.0,Pennsylvania,1553165,39.9525839,-75.1652215,exact,199.99,199.99,0.0,106,2025-03,Monday,False
ORD-10226,2025-03-18,C0027,USB-C Hub,39.99,2,,Seattle,0.0,Washington,652405,47.6062095,-122.33207079999998,exact,79.98,79.98,0.0,105,2025-03,Tuesday,False
ORD-10227,2025-03-18,C0137,USB-C Hub,39.99,1,,Denver,0.0,Colorado,649495,39.7392358,-104.990251,exact,39.99,39.99,0.0,105,2025-03,Tuesday,False
ORD-10228,2025-03-18,C0147,Noise-Cancelling Headphones,199.99,1,SAVE10,San Diego,0.1,California,1355896,32.715738,-117.1610838,exact,199.99,179.99,20.0,105,2025-03,Tuesday,False
ORD-10229,2025-03-18,C0142,LED Desk Lamp,29.99,4,SAVE20,Philadelphia,0.2,Pennsylvania,1553165,39.9525839,-75.1652215,exact,119.96,95.97,23.99,105,2025-03,Tuesday,False
ORD-10230,2025-03-18,C0014,Noise-Cancelling Headphones,199.99,3,FREESHIP,Portland,0.0,Oregon,609456,45.523062200000005,-122.6764816,ambiguous: largest chosen,599.97,599.97,0.0,105,2025-03,Tuesday,False
ORD-10231,2025-03-18,C0007,LED Desk Lamp,29.99,1,,Phoenix,0.0,Arizona,1513367,33.4483771,-112.0740373,exact,29.99,29.99,0.0,105,2025-03,Tuesday,False
ORD-10232,2025-03-18,C0114,Laptop Stand,34.99,2,SAVE10,Los Angeles,0.1,California,3884307,34.0522342,-118.24368490000002,exact,69.98,62.98,7.0,105,2025-03,Tuesday,False
ORD-10233,2025-03-19,C0105,Mechanical Keyboard,89.99,3,FREESHIP,Houston,0.0,Texas,2195914,29.7604267,-95.3698028,exact,269.97,269.97,0.0,104,2025-03,Wednesday,False
ORD-10234,2025-03-19,C0126,Noise-Cancelling Headphones,199.99,1,,Seattle,0.0,Washington,652405,47.6062095,-122.33207079999998,exact,199.99,199.99,0.0,104,2025-03,Wednesday,False
ORD-10235,2025-03-20,C0076,Mechanical Keyboard,89.99,3,SAVE20,Miami,0.2,Florida,417650,25.7616798,-80.1917902,exact,269.97,215.98,53.99,103,2025-03,Thursday,False
ORD-10236,2025-03-20,C0099,1080p Webcam,59.99,2,FREESHIP,New York,0.0,New York,8405837,40.7127837,-74.00594129999999,exact,119.98,119.98,0.0,103,2025-03,Thursday,False
ORD-10237,2025-03-21,C0059,Wireless Mouse,24.99,1,,Portland,0.0,Oregon,609456,45.523062200000005,-122.6764816,ambiguous: largest chosen,24.99,24.99,0.0,102,2025-03,Friday,False
ORD-10238,2025-03-22,C0112,27in Monitor,249.99,1,,New York,0.0,New York,8405837,40.7127837,-74.00594129999999,exact,249.99,249.99,0.0,101,2025-03,Saturday,True
ORD-10239,2025-03-23,C0023,Noise-Cancelling Headphones,199.99,2,WELCOME5,Boston,0.05,Massachusetts,645966,42.3600825,-71.0588801,exact,399.98,379.98,20.0,100,2025-03,Sunday,True
ORD-10240,2025-03-23,C0142,LED Desk Lamp,29.99,1,,Los Angeles,0.0,California,3884307,34.0522342,-118.24368490000002,exact,29.99,29.99,0.0,100,2025-03,Sunday,True
ORD-10241,2025-03-23,C0107,27in Monitor,249.99,2,SAVE10,Austin,0.1,Texas,885400,30.267153000000004,-97.7430608,exact,499.98,449.98,50.0,100,2025-03,Sunday,True
ORD-10242,2025-03-23,C0019,Wireless Mouse,24.99,2,FREESHIP,Phoenix,0.0,Arizona,1513367,33.4483771,-112.0740373,exact,49.98,49.98,0.0,100,2025-03,Sunday,True
ORD-10243,2025-03-24,C0019,Noise-Cancelling Headphones,199.99,1,,Philadelphia,0.0,Pennsylvania,1553165,39.9525839,-75.1652215,exact,199.99,199.99,0.0,99,2025-03,Monday,False
ORD-10244,2025-03-24,UNKNOWN,USB-C Hub,39.99,4,SAVE10,Philadelphia,0.1,Pennsylvania,1553165,39.9525839,-75.1652215,exact,159.96,143.96,16.0,99,2025-03,Monday,False
ORD-10245,2025-03-24,C0112,Wireless Mouse,24.99,1,FREESHIP,Austin,0.0,Texas,885400,30.267153000000004,-97.7430608,exact,24.99,24.99,0.0,99,2025-03,Monday,False
ORD-10246,2025-03-26,C0001,USB-C Hub,39.99,1,,New York,0.0,New York,8405837,40.7127837,-74.00594129999999,exact,39.99,39.99,0.0,97,2025-03,Wednesday,False
ORD-10248,2025-03-27,C0066,Laptop Stand,34.99,2,,Los Angeles,0.0,California,3884307,34.0522342,-118.24368490000002,exact,69.98,69.98,0.0,96,2025-03,Thursday,False
ORD-10249,2025-03-27,C0115,27in Monitor,249.99,2,SAVE10,Philadelphia,0.1,Pennsylvania,1553165,39.9525839,-75.1652215,exact,499.98,449.98,50.0,96,2025-03,Thursday,False
ORD-10250,2025-03-27,C0146,Laptop Stand,34.99,1,,Seattle,0.0,Washington,652405,47.6062095,-122.33207079999998,exact,34.99,34.99,0.0,96,2025-03,Thursday,False
ORD-10251,2025-03-27,C0124,Wireless Mouse,24.99,1,,Phoenix,0.0,Arizona,1513367,33.4483771,-112.0740373,exact,24.99,24.99,0.0,96,2025-03,Thursday,False
ORD-10252,2025-03-27,C0072,Laptop Stand,34.99,1,SAVE10,Miami,0.1,Florida,417650,25.7616798,-80.1917902,exact,34.99,31.49,3.5,96,2025-03,Thursday,False
ORD-10253,2025-03-28,C0062,Wireless Mouse,24.99,1,FREESHIP,San Diego,0.0,California,1355896,32.715738,-117.1610838,exact,24.99,24.99,0.0,95,2025-03,Friday,False
ORD-10254,2025-03-28,C0111,Wireless Mouse,24.99,2,SAVE20,Houston,0.2,Texas,2195914,29.7604267,-95.3698028,exact,49.98,39.98,10.0,95,2025-03,Friday,False
ORD-10255,2025-03-28,C0002,1080p Webcam,59.99,2,SAVE10,Los Angeles,0.1,California,3884307,34.0522342,-118.24368490000002,exact,119.98,107.98,12.0,95,2025-03,Friday,False
ORD-10256,2025-03-28,C0124,Noise-Cancelling Headphones,199.99,3,,Austin,0.0,Texas,885400,30.267153000000004,-97.7430608,exact,599.97,599.97,0.0,95,2025-03,Friday,False
ORD-10257,2025-03-29,UNKNOWN,LED Desk Lamp,29.99,1,,Atlanta,0.0,Georgia,447841,33.7489954,-84.3879824,exact,29.99,29.99,0.0,94,2025-03,Saturday,True
ORD-10258,2025-03-29,C0042,Wireless Mouse,24.99,1,,Los Angeles,0.0,California,3884307,34.0522342,-118.24368490000002,exact,24.99,24.99,0.0,94,2025-03,Saturday,True
ORD-10259,2025-03-30,C0039,Noise-Cancelling Headphones,199.99,1,,Los Angeles,0.0,California,3884307,34.0522342,-118.24368490000002,exact,199.99,199.99,0.0,93,2025-03,Sunday,True
ORD-10260,2025-03-31,C0102,Wireless Mouse,24.99,1,FREESHIP,Dallas,0.0,Texas,1257676,32.7766642,-96.7969879,exact,24.99,24.99,0.0,92,2025-03,Monday,False
ORD-10261,2025-03-31,C0142,27in Monitor,249.99,1,,Boston,0.0,Massachusetts,645966,42.3600825,-71.0588801,exact,249.99,249.99,0.0,92,2025-03,Monday,False
ORD-10262,2025-03-31,C0117,1080p Webcam,59.99,3,,New York,0.0,New York,8405837,40.7127837,-74.00594129999999,exact,179.97,179.97,0.0,92,2025-03,Monday,False
ORD-10263,2025-03-31,C0082,1080p Webcam,59.99,1,SAVE20,Atlanta,0.2,Georgia,447841,33.7489954,-84.3879824,exact,59.99,47.99,12.0,92,2025-03,Monday,False
ORD-10264,2025-03-31,C0059,Mechanical Keyboard,89.99,1,FREESHIP,Chicago,0.0,Illinois,2718782,41.8781136,-87.62979820000001,exact,89.99,89.99,0.0,92,2025-03,Monday,False
ORD-10265,2025-03-31,C0149,27in Monitor,249.99,3,,Boston,0.0,Massachusetts,645966,42.3600825,-71.0588801,exact,749.97,749.97,0.0,92,2025-03,Monday,False
ORD-10266,2025-03-31,C0022,Laptop Stand,34.99,2,,Chicago,0.0,Illinois,2718782,41.8781136,-87.62979820000001,exact,69.98,69.98,0.0,92,2025-03,Monday,False
ORD-10267,2025-03-31,C0138,Laptop Stand,34.99,1,,Los Angeles,0.0,California,3884307,34.0522342,-118.24368490000002,exact,34.99,34.99,0.0,92,2025-03,Monday,False
ORD-10268,2025-04-01,C0070,Laptop Stand,34.99,2,,Miami,0.0,Florida,417650,25.7616798,-80.1917902,exact,69.98,69.98,0.0,91,2025-04,Tuesday,False
ORD-10269,2025-04-01,C0050,1080p Webcam,59.99,1,SAVE10,New York,0.1,New York,8405837,40.7127837,-74.00594129999999,exact,59.99,53.99,6.0,91,2025-04,Tuesday,False
ORD-10270,2025-04-01,C0011,Laptop Stand,34.99,1,SAVE20,Phoenix,0.2,Arizona,1513367,33.4483771,-112.0740373,exact,34.99,27.99,7.0,91,2025-04,Tuesday,False
ORD-10271,2025-04-03,C0095,Mechanical Keyboard,89.99,5,,Los Angeles,0.0,California,3884307,34.0522342,-118.24368490000002,exact,449.95,449.95,0.0,89,2025-04,Thursday,False
ORD-10272,2025-04-03,C0123,Mechanical Keyboard,89.99,2,,Atlanta,0.0,Georgia,447841,33.7489954,-84.3879824,exact,179.98,179.98,0.0,89,2025-04,Thursday,False
ORD-10273,2025-04-04,C0051,Wireless Mouse,24.99,2,SAVE10,San Diego,0.1,California,1355896,32.715738,-117.1610838,exact,49.98,44.98,5.0,88,2025-04,Friday,False
ORD-10274,2025-04-05,C0030,Noise-Cancelling Headphones,199.99,1,SAVE10,Chicago,0.1,Illinois,2718782,41.8781136,-87.62979820000001,exact,199.99,179.99,20.0,87,2025-04,Saturday,True
ORD-10275,2025-04-05,C0077,Noise-Cancelling Headphones,199.99,1,,Dallas,0.0,Texas,1257676,32.7766642,-96.7969879,exact,199.99,199.99,0.0,87,2025-04,Saturday,True
ORD-10276,2025-04-05,C0046,Laptop Stand,34.99,1,SAVE10,Phoenix,0.1,Arizona,1513367,33.4483771,-112.0740373,exact,34.99,31.49,3.5,87,2025-04,Saturday,True
ORD-10277,2025-04-05,C0034,Mechanical Keyboard,89.99,1,SAVE10,Austin,0.1,Texas,885400,30.267153000000004,-97.7430608,exact,89.99,80.99,9.0,87,2025-04,Saturday,True
ORD-10278,2025-04-06,C0127,Laptop Stand,34.99,3,,Dallas,0.0,Texas,1257676,32.7766642,-96.7969879,exact,104.97,104.97,0.0,86,2025-04,Sunday,True
ORD-10279,2025-04-06,C0068,27in Monitor,249.99,1,,Miami,0.0,Florida,417650,25.7616798,-80.1917902,exact,249.99,249.99,0.0,86,2025-04,Sunday,True
ORD-10280,2025-04-06,C0092,LED Desk Lamp,29.99,1,,Atlanta,0.0,Georgia,447841,33.7489954,-84.3879824,exact,29.99,29.99,0.0,86,2025-04,Sunday,True
ORD-10281,2025-04-06,C0070,Mechanical Keyboard,89.99,2,FREESHIP,Los Angeles,0.0,California,3884307,34.0522342,-118.24368490000002,exact,179.98,179.98,0.0,86,2025-04,Sunday,True
ORD-10282,2025-04-06,C0124,Laptop Stand,34.99,1,SAVE10,New York,0.1,New York,8405837,40.7127837,-74.00594129999999,exact,34.99,31.49,3.5,86,2025-04,Sunday,True
ORD-10283,2025-04-06,C0080,Mechanical Keyboard,89.99,2,,Portland,0.0,Oregon,609456,45.523062200000005,-122.6764816,ambiguous: largest chosen,179.98,179.98,0.0,86,2025-04,Sunday,True
ORD-10284,2025-04-07,C0149,Mechanical Keyboard,89.99,1,SAVE15,Houston,0.15,Texas,2195914,29.7604267,-95.3698028,exact,89.99,76.49,13.5,85,2025-04,Monday,False
ORD-10285,2025-04-07,C0098,1080p Webcam,59.99,1,,Miami,0.0,Florida,417650,25.7616798,-80.1917902,exact,59.99,59.99,0.0,85,2025-04,Monday,False
ORD-10287,2025-04-08,C0115,USB-C Hub,39.99,4,SAVE10,Los Angeles,0.1,California,3884307,34.0522342,-118.24368490000002,exact,159.96,143.96,16.0,84,2025-04,Tuesday,False
ORD-10288,2025-04-08,C0036,Mechanical Keyboard,89.99,2,SAVE15,Philadelphia,0.15,Pennsylvania,1553165,39.9525839,-75.1652215,exact,179.98,152.98,27.0,84,2025-04,Tuesday,False
ORD-10289,2025-04-08,C0078,Laptop Stand,34.99,2,,Austin,0.0,Texas,885400,30.267153000000004,-97.7430608,exact,69.98,69.98,0.0,84,2025-04,Tuesday,False
ORD-10290,2025-04-09,C0023,27in Monitor,249.99,2,SAVE20,Atlanta,0.2,Georgia,447841,33.7489954,-84.3879824,exact,499.98,399.98,100.0,83,2025-04,Wednesday,False
ORD-10291,2025-04-09,C0060,27in Monitor,249.99,1,SAVE15,Chicago,0.15,Illinois,2718782,41.8781136,-87.62979820000001,exact,249.99,212.49,37.5,83,2025-04,Wednesday,False
ORD-10292,2025-04-09,C0064,27in Monitor,249.99,2,WELCOME5,Boston,0.05,Massachusetts,645966,42.3600825,-71.0588801,exact,499.98,474.98,25.0,83,2025-04,Wednesday,False
ORD-10293,2025-04-09,C0066,27in Monitor,249.99,1,,New York,0.0,New York,8405837,40.7127837,-74.00594129999999,exact,249.99,249.99,0.0,83,2025-04,Wednesday,False
ORD-10294,2025-04-10,C0026,27in Monitor,249.99,4,,Portland,0.0,Oregon,609456,45.523062200000005,-122.6764816,ambiguous: largest chosen,999.96,999.96,0.0,82,2025-04,Thursday,False
ORD-10295,2025-04-11,C0093,Noise-Cancelling Headphones,199.99,3,,Boston,0.0,Massachusetts,645966,42.3600825,-71.0588801,exact,599.97,599.97,0.0,81,2025-04,Friday,False
ORD-10296,2025-04-11,C0015,27in Monitor,249.99,1,WELCOME5,Boston,0.05,Massachusetts,645966,42.3600825,-71.0588801,exact,249.99,237.49,12.5,81,2025-04,Friday,False
ORD-10297,2025-04-11,C0075,1080p Webcam,59.99,2,,Dallas,0.0,Texas,1257676,32.7766642,-96.7969879,exact,119.98,119.98,0.0,81,2025-04,Friday,False
ORD-10298,2025-04-11,C0095,Wireless Mouse,24.99,1,,Austin,0.0,Texas,885400,30.267153000000004,-97.7430608,exact,24.99,24.99,0.0,81,2025-04,Friday,False
ORD-10299,2025-04-11,C0061,Noise-Cancelling Headphones,199.99,3,WELCOME5,Boston,0.05,Massachusetts,645966,42.3600825,-71.0588801,exact,599.97,569.97,30.0,81,2025-04,Friday,False
ORD-10300,2025-04-11,C0136,Laptop Stand,34.99,2,,Los Angeles,0.0,California,3884307,34.0522342,-118.24368490000002,exact,69.98,69.98,0.0,81,2025-04,Friday,False
ORD-10301,2025-04-12,C0118,LED Desk Lamp,29.99,1,,Dallas,0.0,Texas,1257676,32.7766642,-96.7969879,exact,29.99,29.99,0.0,80,2025-04,Saturday,True
ORD-10302,2025-04-13,C0045,LED Desk Lamp,29.99,1,SAVE15,Houston,0.15,Texas,2195914,29.7604267,-95.3698028,exact,29.99,25.49,4.5,79,2025-04,Sunday,True
ORD-10303,2025-04-13,C0127,USB-C Hub,39.99,1,WELCOME5,New York,0.05,New York,8405837,40.7127837,-74.00594129999999,exact,39.99,37.99,2.0,79,2025-04,Sunday,True
ORD-10304,2025-04-14,C0072,Laptop Stand,34.99,2,FREESHIP,Phoenix,0.0,Arizona,1513367,33.4483771,-112.0740373,exact,69.98,69.98,0.0,78,2025-04,Monday,False
ORD-10305,2025-04-14,C0138,USB-C Hub,39.99,4,FREESHIP,Philadelphia,0.0,Pennsylvania,1553165,39.9525839,-75.1652215,exact,159.96,159.96,0.0,78,2025-04,Monday,False
ORD-10306,2025-04-14,C0113,Wireless Mouse,24.99,2,,Dallas,0.0,Texas,1257676,32.7766642,-96.7969879,exact,49.98,49.98,0.0,78,2025-04,Monday,False
ORD-10307,2025-04-14,C0037,Wireless Mouse,24.99,3,FREESHIP,Los Angeles,0.0,California,3884307,34.0522342,-118.24368490000002,exact,74.97,74.97,0.0,78,2025-04,Monday,False
ORD-10308,2025-04-16,C0128,USB-C Hub,39.99,3,,Dallas,0.0,Texas,1257676,32.7766642,-96.7969879,exact,119.97,119.97,0.0,76,2025-04,Wednesday,False
ORD-10309,2025-04-16,C0012,1080p Webcam,59.99,2,,Portland,0.0,Oregon,609456,45.523062200000005,-122.6764816,ambiguous: largest chosen,119.98,119.98,0.0,76,2025-04,Wednesday,False
ORD-10310,2025-04-16,C0083,Noise-Cancelling Headphones,199.99,1,,Houston,0.0,Texas,2195914,29.7604267,-95.3698028,exact,199.99,199.99,0.0,76,2025-04,Wednesday,False
ORD-10311,2025-04-16,C0103,Wireless Mouse,24.99,1,FREESHIP,Seattle,0.0,Washington,652405,47.6062095,-122.33207079999998,exact,24.99,24.99,0.0,76,2025-04,Wednesday,False
ORD-10312,2025-04-17,C0117,Laptop Stand,34.99,3,SAVE10,Chicago,0.1,Illinois,2718782,41.8781136,-87.62979820000001,exact,104.97,94.47,10.5,75,2025-04,Thursday,False
ORD-10313,2025-04-17,C0013,Noise-Cancelling Headphones,199.99,3,SAVE20,Denver,0.2,Colorado,649495,39.7392358,-104.990251,exact,599.97,479.98,119.99,75,2025-04,Thursday,False
ORD-10314,2025-04-17,C0126,Noise-Cancelling Headphones,199.99,2,,San Diego,0.0,California,1355896,32.715738,-117.1610838,exact,399.98,399.98,0.0,75,2025-04,Thursday,False
ORD-10315,2025-04-18,C0006,Noise-Cancelling Headphones,199.99,2,,Seattle,0.0,Washington,652405,47.6062095,-122.33207079999998,exact,399.98,399.98,0.0,74,2025-04,Friday,False
ORD-10316,2025-04-18,C0014,Wireless Mouse,24.99,1,FREESHIP,Boston,0.0,Massachusetts,645966,42.3600825,-71.0588801,exact,24.99,24.99,0.0,74,2025-04,Friday,False
ORD-10317,2025-04-18,C0097,USB-C Hub,39.99,2,WELCOME5,Chicago,0.05,Illinois,2718782,41.8781136,-87.62979820000001,exact,79.98,75.98,4.0,74,2025-04,Friday,False
ORD-10318,2025-04-19,C0105,27in Monitor,249.99,1,,Phoenix,0.0,Arizona,1513367,33.4483771,-112.0740373,exact,249.99,249.99,0.0,73,2025-04,Saturday,True
ORD-10319,2025-04-19,C0110,Mechanical Keyboard,89.99,1,SAVE10,Austin,0.1,Texas,885400,30.267153000000004,-97.7430608,exact,89.99,80.99,9.0,73,2025-04,Saturday,True
ORD-10320,2025-04-20,UNKNOWN,1080p Webcam,59.99,1,,San Diego,0.0,California,1355896,32.715738,-117.1610838,exact,59.99,59.99,0.0,72,2025-04,Sunday,True
ORD-10321,2025-04-20,C0026,1080p Webcam,59.99,1,,Seattle,0.0,Washington,652405,47.6062095,-122.33207079999998,exact,59.99,59.99,0.0,72,2025-04,Sunday,True
ORD-10322,2025-04-20,C0019,1080p Webcam,59.99,4,,Dallas,0.0,Texas,1257676,32.7766642,-96.7969879,exact,239.96,239.96,0.0,72,2025-04,Sunday,True
ORD-10323,2025-04-21,C0086,27in Monitor,249.99,3,SAVE10,Boston,0.1,Massachusetts,645966,42.3600825,-71.0588801,exact,749.97,674.97,75.0,71,2025-04,Monday,False
ORD-10324,2025-04-21,C0007,Wireless Mouse,24.99,2,,Seattle,0.0,Washington,652405,47.6062095,-122.33207079999998,exact,49.98,49.98,0.0,71,2025-04,Monday,False
ORD-10325,2025-04-21,C0145,Laptop Stand,34.99,1,,Austin,0.0,Texas,885400,30.267153000000004,-97.7430608,exact,34.99,34.99,0.0,71,2025-04,Monday,False
ORD-10326,2025-04-22,C0111,1080p Webcam,59.99,1,,Austin,0.0,Texas,885400,30.267153000000004,-97.7430608,exact,59.99,59.99,0.0,70,2025-04,Tuesday,False
ORD-10327,2025-04-22,C0135,27in Monitor,249.99,5,,Boston,0.0,Massachusetts,645966,42.3600825,-71.0588801,exact,1249.95,1249.95,0.0,70,2025-04,Tuesday,False
ORD-10328,2025-04-22,C0135,LED Desk Lamp,29.99,1,,Portland,0.0,Oregon,609456,45.523062200000005,-122.6764816,ambiguous: largest chosen,29.99,29.99,0.0,70,2025-04,Tuesday,False
ORD-10329,2025-04-22,C0140,1080p Webcam,59.99,2,,Boston,0.0,Massachusetts,645966,42.3600825,-71.0588801,exact,119.98,119.98,0.0,70,2025-04,Tuesday,False
ORD-10330,2025-04-23,C0113,USB-C Hub,39.99,1,SAVE10,San Diego,0.1,California,1355896,32.715738,-117.1610838,exact,39.99,35.99,4.0,69,2025-04,Wednesday,False
ORD-10331,2025-04-24,C0132,LED Desk Lamp,29.99,1,SAVE15,Denver,0.15,Colorado,649495,39.7392358,-104.990251,exact,29.99,25.49,4.5,68,2025-04,Thursday,False
ORD-10332,2025-04-24,C0095,Noise-Cancelling Headphones,199.99,3,,Houston,0.0,Texas,2195914,29.7604267,-95.3698028,exact,599.97,599.97,0.0,68,2025-04,Thursday,False
ORD-10333,2025-04-25,C0134,Mechanical Keyboard,89.99,1,SAVE20,Boston,0.2,Massachusetts,645966,42.3600825,-71.0588801,exact,89.99,71.99,18.0,67,2025-04,Friday,False
ORD-10334,2025-04-25,UNKNOWN,LED Desk Lamp,29.99,1,SAVE20,New York,0.2,New York,8405837,40.7127837,-74.00594129999999,exact,29.99,23.99,6.0,67,2025-04,Friday,False
ORD-10335,2025-04-25,C0042,Mechanical Keyboard,89.99,1,,Boston,0.0,Massachusetts,645966,42.3600825,-71.0588801,exact,89.99,89.99,0.0,67,2025-04,Friday,False
ORD-10336,2025-04-26,C0065,27in Monitor,249.99,1,,Boston,0.0,Massachusetts,645966,42.3600825,-71.0588801,exact,249.99,249.99,0.0,66,2025-04,Saturday,True
ORD-10337,2025-04-26,C0130,Wireless Mouse,24.99,1,,New York,0.0,New York,8405837,40.7127837,-74.00594129999999,exact,24.99,24.99,0.0,66,2025-04,Saturday,True
ORD-10338,2025-04-27,C0074,Mechanical Keyboard,89.99,2,SAVE15,Portland,0.15,Oregon,609456,45.523062200000005,-122.6764816,ambiguous: largest chosen,179.98,152.98,27.0,65,2025-04,Sunday,True
ORD-10339,2025-04-28,C0097,1080p Webcam,59.99,1,SAVE15,Philadelphia,0.15,Pennsylvania,1553165,39.9525839,-75.1652215,exact,59.99,50.99,9.0,64,2025-04,Monday,False
ORD-10340,2025-04-28,C0071,USB-C Hub,39.99,5,,New York,0.0,New York,8405837,40.7127837,-74.00594129999999,exact,199.95,199.95,0.0,64,2025-04,Monday,False
ORD-10341,2025-04-28,C0076,27in Monitor,249.99,2,SAVE10,New York,0.1,New York,8405837,40.7127837,-74.00594129999999,exact,499.98,449.98,50.0,64,2025-04,Monday,False
ORD-10342,2025-04-29,C0015,Laptop Stand,34.99,5,,Seattle,0.0,Washington,652405,47.6062095,-122.33207079999998,exact,174.95,174.95,0.0,63,2025-04,Tuesday,False
ORD-10343,2025-04-29,C0022,27in Monitor,249.99,4,,Boston,0.0,Massachusetts,645966,42.3600825,-71.0588801,exact,999.96,999.96,0.0,63,2025-04,Tuesday,False
ORD-10344,2025-05-01,C0115,Mechanical Keyboard,89.99,2,,Seattle,0.0,Washington,652405,47.6062095,-122.33207079999998,exact,179.98,179.98,0.0,61,2025-05,Thursday,False
ORD-10345,2025-05-01,C0136,27in Monitor,249.99,3,,Philadelphia,0.0,Pennsylvania,1553165,39.9525839,-75.1652215,exact,749.97,749.97,0.0,61,2025-05,Thursday,False
ORD-10346,2025-05-01,C0138,Mechanical Keyboard,89.99,3,SAVE10,Chicago,0.1,Illinois,2718782,41.8781136,-87.62979820000001,exact,269.97,242.97,27.0,61,2025-05,Thursday,False
ORD-10347,2025-05-02,C0032,Wireless Mouse,24.99,1,,Seattle,0.0,Washington,652405,47.6062095,-122.33207079999998,exact,24.99,24.99,0.0,60,2025-05,Friday,False
ORD-10348,2025-05-02,C0078,LED Desk Lamp,29.99,1,SAVE10,Austin,0.1,Texas,885400,30.267153000000004,-97.7430608,exact,29.99,26.99,3.0,60,2025-05,Friday,False
ORD-10349,2025-05-03,C0128,Laptop Stand,34.99,1,SAVE10,New York,0.1,New York,8405837,40.7127837,-74.00594129999999,exact,34.99,31.49,3.5,59,2025-05,Saturday,True
ORD-10350,2025-05-03,C0047,LED Desk Lamp,29.99,1,,New York,0.0,New York,8405837,40.7127837,-74.00594129999999,exact,29.99,29.99,0.0,59,2025-05,Saturday,True
ORD-10351,2025-05-04,C0036,Wireless Mouse,24.99,2,SAVE10,Austin,0.1,Texas,885400,30.267153000000004,-97.7430608,exact,49.98,44.98,5.0,58,2025-05,Sunday,True
ORD-10352,2025-05-04,C0048,Mechanical Keyboard,89.99,1,WELCOME5,New York,0.05,New York,8405837,40.7127837,-74.00594129999999,exact,89.99,85.49,4.5,58,2025-05,Sunday,True
ORD-10353,2025-05-04,C0139,Mechanical Keyboard,89.99,1,WELCOME5,Houston,0.05,Texas,2195914,29.7604267,-95.3698028,exact,89.99,85.49,4.5,58,2025-05,Sunday,True
ORD-10354,2025-05-05,C0096,27in Monitor,249.99,3,,Denver,0.0,Colorado,649495,39.7392358,-104.990251,exact,749.97,749.97,0.0,57,2025-05,Monday,False
ORD-10355,2025-05-05,C0015,Laptop Stand,34.99,5,,Los Angeles,0.0,California,3884307,34.0522342,-118.24368490000002,exact,174.95,174.95,0.0,57,2025-05,Monday,False
ORD-10356,2025-05-05,C0023,Laptop Stand,34.99,2,,Philadelphia,0.0,Pennsylvania,1553165,39.9525839,-75.1652215,exact,69.98,69.98,0.0,57,2025-05,Monday,False
ORD-10357,2025-05-05,C0067,Noise-Cancelling Headphones,199.99,3,SAVE15,Houston,0.15,Texas,2195914,29.7604267,-95.3698028,exact,599.97,509.97,90.0,57,2025-05,Monday,False
ORD-10358,2025-05-06,C0105,1080p Webcam,59.99,4,SAVE20,Boston,0.2,Massachusetts,645966,42.3600825,-71.0588801,exact,239.96,191.97,47.99,56,2025-05,Tuesday,False
ORD-10359,2025-05-06,C0114,Noise-Cancelling Headphones,199.99,1,SAVE10,New York,0.1,New York,8405837,40.7127837,-74.00594129999999,exact,199.99,179.99,20.0,56,2025-05,Tuesday,False
ORD-10360,2025-05-06,C0126,Laptop Stand,34.99,2,,Atlanta,0.0,Georgia,447841,33.7489954,-84.3879824,exact,69.98,69.98,0.0,56,2025-05,Tuesday,False
ORD-10361,2025-05-06,C0136,LED Desk Lamp,29.99,4,SAVE15,Seattle,0.15,Washington,652405,47.6062095,-122.33207079999998,exact,119.96,101.97,17.99,56,2025-05,Tuesday,False
ORD-10362,2025-05-06,C0098,1080p Webcam,59.99,1,WELCOME5,Denver,0.05,Colorado,649495,39.7392358,-104.990251,exact,59.99,56.99,3.0,56,2025-05,Tuesday,False
ORD-10363,2025-05-07,C0009,Laptop Stand,34.99,1,,Portland,0.0,Oregon,609456,45.523062200000005,-122.6764816,ambiguous: largest chosen,34.99,34.99,0.0,55,2025-05,Wednesday,False
ORD-10364,2025-05-07,C0150,1080p Webcam,59.99,1,SAVE15,Los Angeles,0.15,California,3884307,34.0522342,-118.24368490000002,exact,59.99,50.99,9.0,55,2025-05,Wednesday,False
ORD-10365,2025-05-08,UNKNOWN,Laptop Stand,34.99,1,,Miami,0.0,Florida,417650,25.7616798,-80.1917902,exact,34.99,34.99,0.0,54,2025-05,Thursday,False
ORD-10366,2025-05-08,C0131,27in Monitor,249.99,1,,Los Angeles,0.0,California,3884307,34.0522342,-118.24368490000002,exact,249.99,249.99,0.0,54,2025-05,Thursday,False
ORD-10368,2025-05-09,C0114,Laptop Stand,34.99,2,,San Diego,0.0,California,1355896,32.715738,-117.1610838,exact,69.98,69.98,0.0,53,2025-05,Friday,False
ORD-10369,2025-05-09,C0125,Wireless Mouse,24.99,3,SAVE10,Philadelphia,0.1,Pennsylvania,1553165,39.9525839,-75.1652215,exact,74.97,67.47,7.5,53,2025-05,Friday,False
ORD-10370,2025-05-09,C0019,Laptop Stand,34.99,3,WELCOME5,Houston,0.05,Texas,2195914,29.7604267,-95.3698028,exact,104.97,99.72,5.25,53,2025-05,Friday,False
ORD-10372,2025-05-10,C0106,LED Desk Lamp,29.99,1,,San Diego,0.0,California,1355896,32.715738,-117.1610838,exact,29.99,29.99,0.0,52,2025-05,Saturday,True
ORD-10373,2025-05-10,C0128,Laptop Stand,34.99,1,,Portland,0.0,Oregon,609456,45.523062200000005,-122.6764816,ambiguous: largest chosen,34.99,34.99,0.0,52,2025-05,Saturday,True
ORD-10374,2025-05-11,C0118,27in Monitor,249.99,2,SAVE15,Austin,0.15,Texas,885400,30.267153000000004,-97.7430608,exact,499.98,424.98,75.0,51,2025-05,Sunday,True
ORD-10375,2025-05-11,C0041,27in Monitor,249.99,5,,Portland,0.0,Oregon,609456,45.523062200000005,-122.6764816,ambiguous: largest chosen,1249.95,1249.95,0.0,51,2025-05,Sunday,True
ORD-10376,2025-05-11,C0109,USB-C Hub,39.99,1,,Chicago,0.0,Illinois,2718782,41.8781136,-87.62979820000001,exact,39.99,39.99,0.0,51,2025-05,Sunday,True
ORD-10377,2025-05-12,C0093,USB-C Hub,39.99,1,,Portland,0.0,Oregon,609456,45.523062200000005,-122.6764816,ambiguous: largest chosen,39.99,39.99,0.0,50,2025-05,Monday,False
ORD-10378,2025-05-12,C0130,1080p Webcam,59.99,1,,New York,0.0,New York,8405837,40.7127837,-74.00594129999999,exact,59.99,59.99,0.0,50,2025-05,Monday,False
ORD-10379,2025-05-12,C0141,Mechanical Keyboard,89.99,2,,Atlanta,0.0,Georgia,447841,33.7489954,-84.3879824,exact,179.98,179.98,0.0,50,2025-05,Monday,False
ORD-10380,2025-05-13,C0024,Mechanical Keyboard,89.99,2,,Portland,0.0,Oregon,609456,45.523062200000005,-122.6764816,ambiguous: largest chosen,179.98,179.98,0.0,49,2025-05,Tuesday,False
ORD-10381,2025-05-13,C0024,USB-C Hub,39.99,2,,Los Angeles,0.0,California,3884307,34.0522342,-118.24368490000002,exact,79.98,79.98,0.0,49,2025-05,Tuesday,False
ORD-10382,2025-05-13,C0031,Laptop Stand,34.99,1,,San Diego,0.0,California,1355896,32.715738,-117.1610838,exact,34.99,34.99,0.0,49,2025-05,Tuesday,False
ORD-10383,2025-05-13,C0007,Wireless Mouse,24.99,1,,Houston,0.0,Texas,2195914,29.7604267,-95.3698028,exact,24.99,24.99,0.0,49,2025-05,Tuesday,False
ORD-10385,2025-05-14,C0059,Noise-Cancelling Headphones,199.99,1,SAVE15,Houston,0.15,Texas,2195914,29.7604267,-95.3698028,exact,199.99,169.99,30.0,48,2025-05,Wednesday,False
ORD-10386,2025-05-15,C0101,Wireless Mouse,24.99,2,SAVE15,Atlanta,0.15,Georgia,447841,33.7489954,-84.3879824,exact,49.98,42.48,7.5,47,2025-05,Thursday,False
ORD-10387,2025-05-15,C0006,Laptop Stand,34.99,2,FREESHIP,Seattle,0.0,Washington,652405,47.6062095,-122.33207079999998,exact,69.98,69.98,0.0,47,2025-05,Thursday,False
ORD-10388,2025-05-15,UNKNOWN,Laptop Stand,34.99,1,SAVE15,Chicago,0.15,Illinois,2718782,41.8781136,-87.62979820000001,exact,34.99,29.74,5.25,47,2025-05,Thursday,False
ORD-10389,2025-05-16,C0041,Noise-Cancelling Headphones,199.99,2,WELCOME5,Seattle,0.05,Washington,652405,47.6062095,-122.33207079999998,exact,399.98,379.98,20.0,46,2025-05,Friday,False
ORD-10390,2025-05-17,C0136,Noise-Cancelling Headphones,199.99,2,,Dallas,0.0,Texas,1257676,32.7766642,-96.7969879,exact,399.98,399.98,0.0,45,2025-05,Saturday,True
ORD-10391,2025-05-17,C0081,USB-C Hub,39.99,1,FREESHIP,Seattle,0.0,Washington,652405,47.6062095,-122.33207079999998,exact,39.99,39.99,0.0,45,2025-05,Saturday,True
ORD-10392,2025-05-17,C0056,27in Monitor,249.99,1,SAVE10,Denver,0.1,Colorado,649495,39.7392358,-104.990251,exact,249.99,224.99,25.0,45,2025-05,Saturday,True
ORD-10393,2025-05-18,C0011,LED Desk Lamp,29.99,1,,Los Angeles,0.0,California,3884307,34.0522342,-118.24368490000002,exact,29.99,29.99,0.0,44,2025-05,Sunday,True
ORD-10394,2025-05-18,C0023,Noise-Cancelling Headphones,199.99,1,,Houston,0.0,Texas,2195914,29.7604267,-95.3698028,exact,199.99,199.99,0.0,44,2025-05,Sunday,True
ORD-10395,2025-05-18,C0042,USB-C Hub,39.99,1,SAVE10,Los Angeles,0.1,California,3884307,34.0522342,-118.24368490000002,exact,39.99,35.99,4.0,44,2025-05,Sunday,True
ORD-10396,2025-05-18,C0149,Laptop Stand,34.99,1,SAVE10,Los Angeles,0.1,California,3884307,34.0522342,-118.24368490000002,exact,34.99,31.49,3.5,44,2025-05,Sunday,True
ORD-10397,2025-05-19,C0106,Laptop Stand,34.99,1,WELCOME5,Los Angeles,0.05,California,3884307,34.0522342,-118.24368490000002,exact,34.99,33.24,1.75,43,2025-05,Monday,False
ORD-10398,2025-05-19,C0018,Wireless Mouse,24.99,3,,Seattle,0.0,Washington,652405,47.6062095,-122.33207079999998,exact,74.97,74.97,0.0,43,2025-05,Monday,False
ORD-10399,2025-05-20,C0078,Wireless Mouse,24.99,3,,New York,0.0,New York,8405837,40.7127837,-74.00594129999999,exact,74.97,74.97,0.0,42,2025-05,Tuesday,False
ORD-10400,2025-05-20,C0127,Noise-Cancelling Headphones,199.99,1,SAVE20,Portland,0.2,Oregon,609456,45.523062200000005,-122.6764816,ambiguous: largest chosen,199.99,159.99,40.0,42,2025-05,Tuesday,False
ORD-10401,2025-05-20,C0023,USB-C Hub,39.99,2,SAVE20,Phoenix,0.2,Arizona,1513367,33.4483771,-112.0740373,exact,79.98,63.98,16.0,42,2025-05,Tuesday,False
ORD-10402,2025-05-21,C0119,Mechanical Keyboard,89.99,1,,Seattle,0.0,Washington,652405,47.6062095,-122.33207079999998,exact,89.99,89.99,0.0,41,2025-05,Wednesday,False
ORD-10403,2025-05-21,C0058,Laptop Stand,34.99,1,SAVE10,Portland,0.1,Oregon,609456,45.523062200000005,-122.6764816,ambiguous: largest chosen,34.99,31.49,3.5,41,2025-05,Wednesday,False
ORD-10404,2025-05-22,C0101,Laptop Stand,34.99,1,,Boston,0.0,Massachusetts,645966,42.3600825,-71.0588801,exact,34.99,34.99,0.0,40,2025-05,Thursday,False
ORD-10405,2025-05-22,C0105,LED Desk Lamp,29.99,1,,Philadelphia,0.0,Pennsylvania,1553165,39.9525839,-75.1652215,exact,29.99,29.99,0.0,40,2025-05,Thursday,False
ORD-10406,2025-05-23,C0030,Noise-Cancelling Headphones,199.99,2,SAVE20,Phoenix,0.2,Arizona,1513367,33.4483771,-112.0740373,exact,399.98,319.98,80.0,39,2025-05,Friday,False
ORD-10407,2025-05-23,C0117,27in Monitor,249.99,1,,Chicago,0.0,Illinois,2718782,41.8781136,-87.62979820000001,exact,249.99,249.99,0.0,39,2025-05,Friday,False
ORD-10408,2025-05-23,C0082,1080p Webcam,59.99,1,SAVE10,Atlanta,0.1,Georgia,447841,33.7489954,-84.3879824,exact,59.99,53.99,6.0,39,2025-05,Friday,False
ORD-10409,2025-05-23,C0080,Wireless Mouse,24.99,5,SAVE15,Los Angeles,0.15,California,3884307,34.0522342,-118.24368490000002,exact,124.95,106.21,18.74,39,2025-05,Friday,False
ORD-10410,2025-05-23,C0094,1080p Webcam,59.99,2,,San Diego,0.0,California,1355896,32.715738,-117.1610838,exact,119.98,119.98,0.0,39,2025-05,Friday,False
ORD-10411,2025-05-25,C0082,Wireless Mouse,24.99,2,FREESHIP,Houston,0.0,Texas,2195914,29.7604267,-95.3698028,exact,49.98,49.98,0.0,37,2025-05,Sunday,True
ORD-10412,2025-05-25,C0120,LED Desk Lamp,29.99,1,,Boston,0.0,Massachusetts,645966,42.3600825,-71.0588801,exact,29.99,29.99,0.0,37,2025-05,Sunday,True
ORD-10413,2025-05-27,C0106,USB-C Hub,39.99,3,,Los Angeles,0.0,California,3884307,34.0522342,-118.24368490000002,exact,119.97,119.97,0.0,35,2025-05,Tuesday,False
ORD-10414,2025-05-27,C0118,Laptop Stand,34.99,1,,Philadelphia,0.0,Pennsylvania,1553165,39.9525839,-75.1652215,exact,34.99,34.99,0.0,35,2025-05,Tuesday,False
ORD-10415,2025-05-27,C0124,LED Desk Lamp,29.99,2,WELCOME5,Boston,0.05,Massachusetts,645966,42.3600825,-71.0588801,exact,59.98,56.98,3.0,35,2025-05,Tuesday,False
ORD-10416,2025-05-27,C0003,1080p Webcam,59.99,1,,Phoenix,0.0,Arizona,1513367,33.4483771,-112.0740373,exact,59.99,59.99,0.0,35,2025-05,Tuesday,False
ORD-10417,2025-05-27,C0040,USB-C Hub,39.99,2,,New York,0.0,New York,8405837,40.7127837,-74.00594129999999,exact,79.98,79.98,0.0,35,2025-05,Tuesday,False
ORD-10418,2025-05-27,C0019,27in Monitor,249.99,1,,Seattle,0.0,Washington,652405,47.6062095,-122.33207079999998,exact,249.99,249.99,0.0,35,2025-05,Tuesday,False
ORD-10419,2025-05-28,C0067,Laptop Stand,34.99,1,,Portland,0.0,Oregon,609456,45.523062200000005,-122.6764816,ambiguous: largest chosen,34.99,34.99,0.0,34,2025-05,Wednesday,False
ORD-10420,2025-05-28,C0065,Noise-Cancelling Headphones,199.99,1,,Portland,0.0,Oregon,609456,45.523062200000005,-122.6764816,ambiguous: largest chosen,199.99,199.99,0.0,34,2025-05,Wednesday,False
ORD-10421,2025-05-28,C0038,LED Desk Lamp,29.99,1,,Phoenix,0.0,Arizona,1513367,33.4483771,-112.0740373,exact,29.99,29.99,0.0,34,2025-05,Wednesday,False
ORD-10422,2025-05-29,C0006,Laptop Stand,34.99,2,,Atlanta,0.0,Georgia,447841,33.7489954,-84.3879824,exact,69.98,69.98,0.0,33,2025-05,Thursday,False
ORD-10423,2025-05-29,C0147,27in Monitor,249.99,3,SAVE10,Boston,0.1,Massachusetts,645966,42.3600825,-71.0588801,exact,749.97,674.97,75.0,33,2025-05,Thursday,False
ORD-10424,2025-05-29,C0114,Noise-Cancelling Headphones,199.99,1,,Miami,0.0,Florida,417650,25.7616798,-80.1917902,exact,199.99,199.99,0.0,33,2025-05,Thursday,False
ORD-10425,2025-05-30,C0061,27in Monitor,249.99,2,SAVE10,Austin,0.1,Texas,885400,30.267153000000004,-97.7430608,exact,499.98,449.98,50.0,32,2025-05,Friday,False
ORD-10426,2025-05-31,C0018,Mechanical Keyboard,89.99,1,,Austin,0.0,Texas,885400,30.267153000000004,-97.7430608,exact,89.99,89.99,0.0,31,2025-05,Saturday,True
ORD-10427,2025-05-31,C0128,USB-C Hub,39.99,1,,Los Angeles,0.0,California,3884307,34.0522342,-118.24368490000002,exact,39.99,39.99,0.0,31,2025-05,Saturday,True
ORD-10428,2025-05-31,C0045,1080p Webcam,59.99,1,,Atlanta,0.0,Georgia,447841,33.7489954,-84.3879824,exact,59.99,59.99,0.0,31,2025-05,Saturday,True
ORD-10429,2025-06-01,C0014,Wireless Mouse,24.99,2,SAVE15,New York,0.15,New York,8405837,40.7127837,-74.00594129999999,exact,49.98,42.48,7.5,30,2025-06,Sunday,True
ORD-10430,2025-06-01,C0037,Laptop Stand,34.99,1,WELCOME5,Los Angeles,0.05,California,3884307,34.0522342,-118.24368490000002,exact,34.99,33.24,1.75,30,2025-06,Sunday,True
ORD-10431,2025-06-02,C0139,USB-C Hub,39.99,3,,New York,0.0,New York,8405837,40.7127837,-74.00594129999999,exact,119.97,119.97,0.0,29,2025-06,Monday,False
ORD-10432,2025-06-02,C0095,27in Monitor,249.99,1,SAVE20,Denver,0.2,Colorado,649495,39.7392358,-104.990251,exact,249.99,199.99,50.0,29,2025-06,Monday,False
ORD-10433,2025-06-02,C0005,27in Monitor,249.99,1,,Miami,0.0,Florida,417650,25.7616798,-80.1917902,exact,249.99,249.99,0.0,29,2025-06,Monday,False
ORD-10434,2025-06-02,C0111,LED Desk Lamp,29.99,1,,Houston,0.0,Texas,2195914,29.7604267,-95.3698028,exact,29.99,29.99,0.0,29,2025-06,Monday,False
ORD-10435,2025-06-02,C0030,27in Monitor,249.99,3,,Dallas,0.0,Texas,1257676,32.7766642,-96.7969879,exact,749.97,749.97,0.0,29,2025-06,Monday,False
ORD-10436,2025-06-03,C0071,USB-C Hub,39.99,2,,Boston,0.0,Massachusetts,645966,42.3600825,-71.0588801,exact,79.98,79.98,0.0,28,2025-06,Tuesday,False
ORD-10437,2025-06-03,C0108,Noise-Cancelling Headphones,199.99,2,,Chicago,0.0,Illinois,2718782,41.8781136,-87.62979820000001,exact,399.98,399.98,0.0,28,2025-06,Tuesday,False
ORD-10438,2025-06-04,C0025,Laptop Stand,34.99,2,SAVE20,Boston,0.2,Massachusetts,645966,42.3600825,-71.0588801,exact,69.98,55.98,14.0,27,2025-06,Wednesday,False
ORD-10439,2025-06-04,C0032,1080p Webcam,59.99,1,,Austin,0.0,Texas,885400,30.267153000000004,-97.7430608,exact,59.99,59.99,0.0,27,2025-06,Wednesday,False
ORD-10440,2025-06-04,C0135,Noise-Cancelling Headphones,199.99,1,,Houston,0.0,Texas,2195914,29.7604267,-95.3698028,exact,199.99,199.99,0.0,27,2025-06,Wednesday,False
ORD-10441,2025-06-04,C0099,LED Desk Lamp,29.99,1,,Philadelphia,0.0,Pennsylvania,1553165,39.9525839,-75.1652215,exact,29.99,29.99,0.0,27,2025-06,Wednesday,False
ORD-10442,2025-06-05,C0127,Mechanical Keyboard,89.99,1,,Los Angeles,0.0,California,3884307,34.0522342,-118.24368490000002,exact,89.99,89.99,0.0,26,2025-06,Thursday,False
ORD-10443,2025-06-05,C0125,Noise-Cancelling Headphones,199.99,1,SAVE10,Los Angeles,0.1,California,3884307,34.0522342,-118.24368490000002,exact,199.99,179.99,20.0,26,2025-06,Thursday,False
ORD-10444,2025-06-05,C0018,Noise-Cancelling Headphones,199.99,2,FREESHIP,Seattle,0.0,Washington,652405,47.6062095,-122.33207079999998,exact,399.98,399.98,0.0,26,2025-06,Thursday,False
ORD-10445,2025-06-05,C0095,27in Monitor,249.99,4,SAVE20,Miami,0.2,Florida,417650,25.7616798,-80.1917902,exact,999.96,799.97,199.99,26,2025-06,Thursday,False
ORD-10446,2025-06-06,C0026,Wireless Mouse,24.99,2,,Philadelphia,0.0,Pennsylvania,1553165,39.9525839,-75.1652215,exact,49.98,49.98,0.0,25,2025-06,Friday,False
ORD-10447,2025-06-07,C0118,Mechanical Keyboard,89.99,1,,Philadelphia,0.0,Pennsylvania,1553165,39.9525839,-75.1652215,exact,89.99,89.99,0.0,24,2025-06,Saturday,True
ORD-10448,2025-06-07,C0008,Wireless Mouse,24.99,3,,Los Angeles,0.0,California,3884307,34.0522342,-118.24368490000002,exact,74.97,74.97,0.0,24,2025-06,Saturday,True
ORD-10449,2025-06-07,C0039,Noise-Cancelling Headphones,199.99,1,,Philadelphia,0.0,Pennsylvania,1553165,39.9525839,-75.1652215,exact,199.99,199.99,0.0,24,2025-06,Saturday,True
ORD-10450,2025-06-07,C0077,LED Desk Lamp,29.99,4,,Chicago,0.0,Illinois,2718782,41.8781136,-87.62979820000001,exact,119.96,119.96,0.0,24,2025-06,Saturday,True
ORD-10451,2025-06-07,C0132,Laptop Stand,34.99,3,,Seattle,0.0,Washington,652405,47.6062095,-122.33207079999998,exact,104.97,104.97,0.0,24,2025-06,Saturday,True
ORD-10452,2025-06-08,C0102,Wireless Mouse,24.99,2,SAVE15,Philadelphia,0.15,Pennsylvania,1553165,39.9525839,-75.1652215,exact,49.98,42.48,7.5,23,2025-06,Sunday,True
ORD-10453,2025-06-08,C0036,Wireless Mouse,24.99,1,,Miami,0.0,Florida,417650,25.7616798,-80.1917902,exact,24.99,24.99,0.0,23,2025-06,Sunday,True
ORD-10454,2025-06-08,C0042,USB-C Hub,39.99,1,SAVE10,Dallas,0.1,Texas,1257676,32.7766642,-96.7969879,exact,39.99,35.99,4.0,23,2025-06,Sunday,True
ORD-10455,2025-06-09,C0086,Mechanical Keyboard,89.99,2,SAVE20,Chicago,0.2,Illinois,2718782,41.8781136,-87.62979820000001,exact,179.98,143.98,36.0,22,2025-06,Monday,False
ORD-10456,2025-06-09,C0095,USB-C Hub,39.99,1,,Denver,0.0,Colorado,649495,39.7392358,-104.990251,exact,39.99,39.99,0.0,22,2025-06,Monday,False
ORD-10458,2025-06-11,C0005,Wireless Mouse,24.99,1,SAVE15,Austin,0.15,Texas,885400,30.267153000000004,-97.7430608,exact,24.99,21.24,3.75,20,2025-06,Wednesday,False
ORD-10459,2025-06-12,C0123,LED Desk Lamp,29.99,1,,Boston,0.0,Massachusetts,645966,42.3600825,-71.0588801,exact,29.99,29.99,0.0,19,2025-06,Thursday,False
ORD-10460,2025-06-13,C0086,Wireless Mouse,24.99,4,SAVE10,Boston,0.1,Massachusetts,645966,42.3600825,-71.0588801,exact,99.96,89.96,10.0,18,2025-06,Friday,False
ORD-10461,2025-06-13,C0047,LED Desk Lamp,29.99,3,,Philadelphia,0.0,Pennsylvania,1553165,39.9525839,-75.1652215,exact,89.97,89.97,0.0,18,2025-06,Friday,False
ORD-10462,2025-06-13,C0113,USB-C Hub,39.99,2,SAVE10,Portland,0.1,Oregon,609456,45.523062200000005,-122.6764816,ambiguous: largest chosen,79.98,71.98,8.0,18,2025-06,Friday,False
ORD-10463,2025-06-14,C0123,LED Desk Lamp,29.99,3,,Boston,0.0,Massachusetts,645966,42.3600825,-71.0588801,exact,89.97,89.97,0.0,17,2025-06,Saturday,True
ORD-10464,2025-06-15,C0071,USB-C Hub,39.99,2,,Austin,0.0,Texas,885400,30.267153000000004,-97.7430608,exact,79.98,79.98,0.0,16,2025-06,Sunday,True
ORD-10465,2025-06-15,C0007,Mechanical Keyboard,89.99,2,,Chicago,0.0,Illinois,2718782,41.8781136,-87.62979820000001,exact,179.98,179.98,0.0,16,2025-06,Sunday,True
ORD-10466,2025-06-15,C0083,1080p Webcam,59.99,2,SAVE10,Houston,0.1,Texas,2195914,29.7604267,-95.3698028,exact,119.98,107.98,12.0,16,2025-06,Sunday,True
ORD-10467,2025-06-16,C0050,LED Desk Lamp,29.99,3,,Portland,0.0,Oregon,609456,45.523062200000005,-122.6764816,ambiguous: largest chosen,89.97,89.97,0.0,15,2025-06,Monday,False
ORD-10468,2025-06-17,C0111,Laptop Stand,34.99,1,SAVE10,Los Angeles,0.1,California,3884307,34.0522342,-118.24368490000002,exact,34.99,31.49,3.5,14,2025-06,Tuesday,False
ORD-10469,2025-06-18,C0080,Wireless Mouse,24.99,4,,Philadelphia,0.0,Pennsylvania,1553165,39.9525839,-75.1652215,exact,99.96,99.96,0.0,13,2025-06,Wednesday,False
ORD-10470,2025-06-18,C0146,Laptop Stand,34.99,1,,Austin,0.0,Texas,885400,30.267153000000004,-97.7430608,exact,34.99,34.99,0.0,13,2025-06,Wednesday,False
ORD-10471,2025-06-19,C0111,1080p Webcam,59.99,1,,Phoenix,0.0,Arizona,1513367,33.4483771,-112.0740373,exact,59.99,59.99,0.0,12,2025-06,Thursday,False
ORD-10472,2025-06-20,UNKNOWN,Wireless Mouse,24.99,1,,Boston,0.0,Massachusetts,645966,42.3600825,-71.0588801,exact,24.99,24.99,0.0,11,2025-06,Friday,False
ORD-10473,2025-06-23,C0091,USB-C Hub,39.99,1,,New York,0.0,New York,8405837,40.7127837,-74.00594129999999,exact,39.99,39.99,0.0,8,2025-06,Monday,False
ORD-10474,2025-06-23,C0063,27in Monitor,249.99,1,,Houston,0.0,Texas,2195914,29.7604267,-95.3698028,exact,249.99,249.99,0.0,8,2025-06,Monday,False
ORD-10475,2025-06-24,C0007,LED Desk Lamp,29.99,2,SAVE10,Portland,0.1,Oregon,609456,45.523062200000005,-122.6764816,ambiguous: largest chosen,59.98,53.98,6.0,7,2025-06,Tuesday,False
ORD-10476,2025-06-24,C0139,Noise-Cancelling Headphones,199.99,1,FREESHIP,New York,0.0,New York,8405837,40.7127837,-74.00594129999999,exact,199.99,199.99,0.0,7,2025-06,Tuesday,False
ORD-10477,2025-06-24,C0032,Laptop Stand,34.99,1,FREESHIP,Chicago,0.0,Illinois,2718782,41.8781136,-87.62979820000001,exact,34.99,34.99,0.0,7,2025-06,Tuesday,False
ORD-10478,2025-06-24,C0098,USB-C Hub,39.99,1,SAVE10,New York,0.1,New York,8405837,40.7127837,-74.00594129999999,exact,39.99,35.99,4.0,7,2025-06,Tuesday,False
ORD-10479,2025-06-26,C0022,Mechanical Keyboard,89.99,1,SAVE20,Miami,0.2,Florida,417650,25.7616798,-80.1917902,exact,89.99,71.99,18.0,5,2025-06,Thursday,False
ORD-10480,2025-06-26,C0076,1080p Webcam,59.99,1,,Austin,0.0,Texas,885400,30.267153000000004,-97.7430608,exact,59.99,59.99,0.0,5,2025-06,Thursday,False
ORD-10481,2025-06-26,C0145,USB-C Hub,39.99,1,,Philadelphia,0.0,Pennsylvania,1553165,39.9525839,-75.1652215,exact,39.99,39.99,0.0,5,2025-06,Thursday,False
ORD-10482,2025-06-27,UNKNOWN,Noise-Cancelling Headphones,199.99,1,FREESHIP,Portland,0.0,Oregon,609456,45.523062200000005,-122.6764816,ambiguous: largest chosen,199.99,199.99,0.0,4,2025-06,Friday,False
ORD-10483,2025-06-27,C0140,LED Desk Lamp,29.99,1,,Los Angeles,0.0,California,3884307,34.0522342,-118.24368490000002,exact,29.99,29.99,0.0,4,2025-06,Friday,False
ORD-10484,2025-06-27,C0101,LED Desk Lamp,29.99,1,,Atlanta,0.0,Georgia,447841,33.7489954,-84.3879824,exact,29.99,29.99,0.0,4,2025-06,Friday,False
ORD-10485,2025-06-28,C0077,Laptop Stand,34.99,1,FREESHIP,Phoenix,0.0,Arizona,1513367,33.4483771,-112.0740373,exact,34.99,34.99,0.0,3,2025-06,Saturday,True
ORD-10486,2025-06-28,C0038,Wireless Mouse,24.99,2,WELCOME5,Houston,0.05,Texas,2195914,29.7604267,-95.3698028,exact,49.98,47.48,2.5,3,2025-06,Saturday,True
ORD-10487,2025-06-29,C0112,LED Desk Lamp,29.99,2,,San Diego,0.0,California,1355896,32.715738,-117.1610838,exact,59.98,59.98,0.0,2,2025-06,Sunday,True
ORD-10488,2025-06-29,C0008,27in Monitor,249.99,1,,Seattle,0.0,Washington,652405,47.6062095,-122.33207079999998,exact,249.99,249.99,0.0,2,2025-06,Sunday,True
ORD-10489,2025-06-30,C0106,27in Monitor,249.99,1,SAVE10,Los Angeles,0.1,California,3884307,34.0522342,-118.24368490000002,exact,249.99,224.99,25.0,1,2025-06,Monday,False
