order_id,date,customer_id,product,price,quantity,coupon_code,shipping_city
ORD-10001,2025-01-01,C0076,USB-C Hub,39.99,2,,Phoenix
ORD-10002,01/02/2025,C0134,Mechanical Keyboard,89.99,3,,Atlanta
ORD-10003,2025-01-02,C0031,Wireless Mouse,24.99,2,WELCOME5,Denver
ORD-10004,2025-01-02,C0038,1080p Webcam,59.99,1,SAVE15,Austin
ORD-10005,2025-01-02,C0019,Laptop Stand,34.99,2,,Los Angeles
ORD-10006,2025-01-03,C0124,LED Desk Lamp,29.99,2,WELCOME5,san diego
ORD-10007,2025-01-03,C0024,Mechanical Keyboard,89.99,1,SAVE20,Austin
ORD-10008,2025-01-03,C0092,Laptop Stand,34.99,4,,New York
ORD-10008,2025-01-03,C0092,Laptop Stand,34.99,4,,New York
ORD-10009,2025-01-03,C0148,LED Desk Lamp,29.99,2,SAVE15,Miami
ORD-10010,2025-01-03,C0036,Mechanical Keyboard,89.99,1,SAVE15,New York
ORD-10011,2025-01-04,C0150,LED Desk Lamp,29.99,2,,Chicago
ORD-10012,01/04/2025,C0068,1080p Webcam,59.99,1,SAVE20,Portland
ORD-10013,2025-01-04,C0064,Wireless Mouse,24.99,3,,New York
ORD-10014,2025-01-05,C0040,Noise-Cancelling Headphones,199.99,1,SAVE20,Houston
ORD-10015,2025-01-05,C0112,Mechanical Keyboard,89.99,1,,Miami
ORD-10016,2025-01-05,C0028,USB-C Hub,39.99,1,welcome5,New York
ORD-10017,01/05/2025,C0029,1080p Webcam,59.99,4,,New York
ORD-10018,2025-01-05,C0113,LED Desk Lamp,29.99,1,,Houston
ORD-10019,2025-01-05,C0132,Noise-Cancelling Headphones,199.99,2,SAVE10,Seattle
ORD-10020,01/05/2025,C0078,Wireless Mouse,24.99,1,,Los Angeles
ORD-10021,2025-01-05,C0105,Laptop Stand,34.99,3,SAVE15,Boston
ORD-10022,2025-01-06,C0061,Noise-Cancelling Headphones,199.99,1,welcome5,New York
ORD-10023,2025-01-06,C0035,LED Desk Lamp,29.99,2,,Miami
ORD-10024,2025-01-06,C0134,27in Monitor,249.99,1,none,Los Angeles 
ORD-10025,2025-01-06,C0118,Laptop Stand,34.99,2,,Seattle
ORD-10026,2025-01-06,C0089,USB-C Hub,39.99,3,WELCOME5,Portland
ORD-10027,01/07/2025,C0127,USB-C Hub,39.99,3,SAVE15,Denver
ORD-10028,2025-01-07,C0056,Noise-Cancelling Headphones,199.99,1,WELCOME5,LOS ANGELES
ORD-10029,2025-01-07,C0092,Mechanical Keyboard,89.99,1,,Dallas
ORD-10030,2025-01-08,C0012,Wireless Mouse,24.99,1,SAVE15,  Denver
ORD-10031,2025-01-09,C0135,27in Monitor,249.99,,,Portland
ORD-10032,2025-01-09,C0071,Mechanical Keyboard,89.99,1,FREESHIP,Houston
ORD-10033,2025-01-09,C0017,Wireless Mouse,24.99,1,,Dallas
ORD-10034,2025-01-10,C0147,Mechanical Keyboard,89.99,2,SAVE10,Philadelphia
ORD-10035,01/10/2025,C0135,1080p Webcam,$59.99,4,WELCOME5,  New York
ORD-10036,2025-01-10,C0107,Mechanical Keyboard,89.99,,SAVE15,Chicago
ORD-10037,2025-01-11,C0028,1080p Webcam,59.99,1, SAVE15,Dallas
ORD-10038,2025-01-11,C0117,Wireless Mouse,24.99,2,,HOUSTON
ORD-10039,2025-01-12,C0051,LED Desk Lamp,29.99,5,SAVE10,Boston
ORD-10040,2025-01-12,C0023,Mechanical Keyboard,89.99,1,,Atlanta
ORD-10041,2025-01-13,C0068,1080p Webcam,59.99,2,,Dallas
ORD-10042,2025-01-13,C0086,LED Desk Lamp,29.99,2,,Los Angeles
ORD-10043,2025-01-13,C0141,1080p Webcam,59.99,1,WELCOME5,Dallas
ORD-10044,2025-01-14,C0066,Laptop Stand,34.99,1,SAVE10,New York
ORD-10045,2025-01-14,C0066,USB-C Hub,39.99,2,,atlanta
ORD-10046,2025-01-14,C0015,Wireless Mouse,24.99,5,,Houston
ORD-10047,2025-01-14,C0010,Laptop Stand,34.99,1,SAVE15,Dallas
ORD-10047,2025-01-14,C0010,Laptop Stand,34.99,1,SAVE15,Dallas
ORD-10048,2025-01-15,C0028,Noise-Cancelling Headphones,199.99,3,WELCOME5,  Dallas
ORD-10049,2025-01-15,C0120,Mechanical Keyboard,89.99,1,SAVE10,dallas
ORD-10050,2025-01-15,C0060,27in Monitor,249.99,2,,Houston
ORD-10051,2025-01-15,C0137,Mechanical Keyboard,89.99,2,SAVE20,Los Angeles
ORD-10052,01/15/2025,C0015,Mechanical Keyboard,89.99,2,,  Miami
ORD-10053,2025-01-15,C0091,Noise-Cancelling Headphones,199.99,1,SAVE20,New York
ORD-10054,2025-01-16,C0040,Noise-Cancelling Headphones,199.99,1,,Houston
ORD-10055,2025-01-17,C0130,27in Monitor,249.99,2,,Atlanta
ORD-10056,2025-01-17,C0127,LED Desk Lamp,29.99,1,,boston
ORD-10057,2025-01-17,C0070,27in Monitor,-249.99,1,,Atlanta
ORD-10058,2025-01-18,C0010,USB-C Hub,39.99,2,,New York
ORD-10059,2025-01-18,C0051,Noise-Cancelling Headphones,199.99,1,,Houston
ORD-10060,2025-01-19,C0077,Wireless Mouse,24.99,2,,Miami
ORD-10061,2025-01-20,C0089,Wireless Mouse,24.99,4,,Philadelphia
ORD-10062,2025-01-20,C0062,Laptop Stand,34.99,1,SAVE10,New York
ORD-10063,2025-01-21,C0111,USB-C Hub,39.99,3,SAVE10,Chicago
ORD-10064,2025-01-21,,Wireless Mouse,24.99,1,SAVE10,New York
ORD-10065,2025-01-22,C0003,1080p Webcam,59.99,1,,Atlanta
ORD-10066,2025-01-23,C0020,Wireless Mouse,24.99,2,,Dallas
ORD-10067,2025-01-23,C0112,Wireless Mouse,24.99,1,SAVE10,  Los Angeles
ORD-10068,2025-01-23,C0049,Noise-Cancelling Headphones,199.99,1,SAVE10,Chicago
ORD-10069,2025-01-23,,Mechanical Keyboard,89.99,1,SAVE20,Los Angeles
ORD-10070,2025-01-24,C0055,USB-C Hub,39.99,1,SAVE10,Austin
ORD-10071,01/24/2025,C0146,Noise-Cancelling Headphones,$199.99,1,,Austin
ORD-10072,2025-01-24,C0142,LED Desk Lamp,29.99,2,WELCOME5,Houston
ORD-10073,2025-01-25,C0004,LED Desk Lamp,29.99,2,,Houston
ORD-10074,2025-01-25,C0032,27in Monitor,249.99,1,NULL,portland
ORD-10075,2025-01-26,,USB-C Hub,39.99,2, SAVE20,Los Angeles 
ORD-10076,2025-01-26,C0006,USB-C Hub,39.99,2,,Dallas
ORD-10077,2025-01-26,C0044,LED Desk Lamp,29.99,1,SAVE15,New York
ORD-10078,2025-01-26,C0052,LED Desk Lamp,29.99,1,,Houston
ORD-10079,2025-01-26,C0121,Laptop Stand,34.99,1,,Chicago
ORD-10080,2025-01-27,C0076,Laptop Stand,34.99,3,WELCOME5,Austin
ORD-10081,2025-01-27,C0131,Wireless Mouse,$24.99,2,,Los Angeles
ORD-10082,2025-01-27,C0083,1080p Webcam,59.99,,,Phoenix
ORD-10083,2025-01-27,C0081,Wireless Mouse,24.99,1,SAVE10,SEATTLE
ORD-10084,2025-01-27,C0126,USB-C Hub,39.99,3,,Los Angeles
ORD-10085,2025-01-29,C0010,LED Desk Lamp,29.99,999,SAVE15,Los Angeles
ORD-10086,2025-01-29,C0093,Wireless Mouse,24.99,3,,Atlanta
ORD-10087,2025-01-29,C0114,27in Monitor,249.99,3,,Seattle
ORD-10088,2025-01-29,C0038,1080p Webcam,59.99,1,,Portland
ORD-10089,2025-01-30,C0141,USB-C Hub,39.99,2,Save15,chicago
ORD-10090,2025-01-30,C0070,1080p Webcam,59.99,1,,Portland
ORD-10091,2025-01-30,C0128,USB-C Hub,39.99,3,,Dallas
ORD-10092,2025-01-30,C0068,Laptop Stand,34.99,2,,PORTLAND
ORD-10093,2025-01-31,C0039,1080p Webcam,59.99,4,SAVE10,Portland
ORD-10094,2025-01-31,C0079,27in Monitor,249.99,3,SAVE10,Philadelphia
ORD-10095,2025-01-31,C0148,USB-C Hub,39.99,1,SAVE15,Atlanta
ORD-10096,2025-01-31,C0131,USB-C Hub,39.99,4,WELCOME5,Los Angeles
ORD-10097,2025-01-31,C0073,27in Monitor,249.99,1,SAVE15,Seattle
ORD-10098,2025-02-01,C0104,Wireless Mouse,24.99,1,WELCOME5,Los Angeles
ORD-10099,2025-02-01,C0075,Noise-Cancelling Headphones,199.99,1,,Portland
ORD-10100,2025-02-01,C0121,Mechanical Keyboard,89.99,1,,Los Angeles
ORD-10101,02/01/2025,C0020,USB-C Hub,39.99,1,SAVE20,  Denver
ORD-10102,2025-02-01,C0077,Wireless Mouse,24.99,1,,Los Angeles
ORD-10103,2025-02-01,C0003,Wireless Mouse,24.99,2,,San Diego
ORD-10104,2025-02-02,C0047,USB-C Hub,39.99,1,SAVE15 ,Los Angeles
ORD-10105,02/02/2025,C0145,1080p Webcam,59.99,3,,New York
ORD-10106,2025-02-02,C0121,Wireless Mouse,24.99,1,WELCOME5,Houston
ORD-10107,2025-02-02,C0079,LED Desk Lamp,29.99,5,SAVE10,Austin
ORD-10108,2025-02-03,C0136,27in Monitor,249.99,2,WELCOME5 ,Austin
ORD-10109,2025-02-03,C0075,Noise-Cancelling Headphones,199.99,4,,New York
ORD-10110,2025-02-03,C0079,27in Monitor,249.99,3,SAVE10,Boston
ORD-10111,2025-02-04,C0110,Mechanical Keyboard,89.99,1,,Boston
ORD-10112,2025-02-05,C0126,Laptop Stand,34.99,1,,Chicago
ORD-10113,2025-02-05,C0071,1080p Webcam,59.99,1,,Phoenix
ORD-10114,2025-02-05,C0105,1080p Webcam,59.99,2,,Chicago
ORD-10115,2025-02-05,C0072,Noise-Cancelling Headphones,199.99,,WELCOME5,Los Angeles
ORD-10116,2025-02-06,C0132,27in Monitor,249.99,3,,Portland
ORD-10117,2025-02-06,,Laptop Stand,34.99,1,FREESHIP,Denver
ORD-10118,2025-02-06,C0150,Wireless Mouse,24.99,3,,Chicago
ORD-10119,2025-02-06,C0115,USB-C Hub,39.99,1,,Chicago
ORD-10120,2025-02-07,C0118,1080p Webcam,59.99,3,SAVE15,New York
ORD-10121,2025-02-08,C0043,LED Desk Lamp,29.99,1,,Miami
ORD-10122,2025-02-08,C0003,Laptop Stand,34.99,2,,New York
ORD-10123,2025-02-09,C0066,Noise-Cancelling Headphones,199.99,1,FREESHIP,Chicago
ORD-10124,2025-02-10,C0073,Laptop Stand,34.99,2,,Dallas
ORD-10125,2025-02-10,C0109,LED Desk Lamp,29.99,1,,Portland
ORD-10126,2025-02-10,C0061,Wireless Mouse,24.99,1,FREESHIP,Chicago
ORD-10127,2025-02-10,C0036,LED Desk Lamp,29.99,1,,Los Angeles
ORD-10128,2025-02-10,C0106,Mechanical Keyboard,89.99,1,,Los Angeles
ORD-10129,02/10/2025,C0074,Wireless Mouse,24.99,2,WELCOME5,Los Angeles
ORD-10130,2025-02-10,C0101,LED Desk Lamp,29.99,1,,Austin
ORD-10131,2025-02-11,C0039,USB-C Hub,39.99,1,,Seattle
ORD-10132,2025-02-11,C0103,Wireless Mouse,24.99,4,,New York
ORD-10133,2025-02-11,C0033,1080p Webcam,59.99,2,,Chicago
ORD-10134,02/11/2025,C0131,USB-C Hub,39.99,2,SAVE10,Philadelphia
ORD-10135,2025-02-12,C0072,Laptop Stand,34.99,1,,New York
ORD-10136,02/12/2025,C0056,1080p Webcam,59.99,1,SAVE15,Chicago
ORD-10137,02/12/2025,C0124,27in Monitor,$249.99,1,SAVE20,New York
ORD-10138,2025-02-13,C0107,1080p Webcam,$59.99,2,,Austin
ORD-10139,2025-02-14,C0036,1080p Webcam,59.99,3,,Austin
ORD-10140,2025-02-14,C0095,27in Monitor,$249.99,1,,Phoenix
ORD-10141,2025-02-15,C0049,Wireless Mouse,24.99,1,SAVE15,Los Angeles
ORD-10142,2025-02-16,C0048,Laptop Stand,34.99,1,N/A,Chicago
ORD-10143,2025-02-16,C0071,27in Monitor,249.99,4,WELCOME5,Philadelphia
ORD-10144,2025-02-16,C0049,Mechanical Keyboard,89.99,2,,Denver
ORD-10145,2025-02-16,C0061,LED Desk Lamp,29.99,1,,Austin
ORD-10146,2025-02-16,C0028,Mechanical Keyboard,89.99,1,,New York
ORD-10147,2025-02-16,C0077,USB-C Hub,39.99,2,,Atlanta
ORD-10148,2025-02-16,C0025,Laptop Stand,34.99,1,,Boston
ORD-10149,2025-02-16,C0128,Wireless Mouse,24.99,1,,Seattle
ORD-10150,2025-02-18,C0126,Wireless Mouse,24.99,2,,Atlanta
ORD-10151,2025-02-18,C0052,USB-C Hub,39.99,,,Seattle
ORD-10152,2025-02-18,C0101,USB-C Hub,39.99,1,,Portland
ORD-10153,2025-02-18,C0096,USB-C Hub,39.99,1,,Seattle
ORD-10154,2025-02-19,C0126,USB-C Hub,39.99,2,,Houston
ORD-10155,2025-02-19,C0002,Laptop Stand,34.99,1,SAVE20,Atlanta
ORD-10156,2025-02-19,C0099,27in Monitor,249.99,1,,Atlanta
ORD-10157,2025-02-19,C0120,LED Desk Lamp,29.99,1,save10,  Los Angeles
ORD-10158,2025-02-19,C0046,LED Desk Lamp,29.99,,,BOSTON
ORD-10159,2025-02-20,C0086,Wireless Mouse,24.99,1,,Phoenix
ORD-10160,02/20/2025,C0006,Wireless Mouse,24.99,2,Welcome5,Boston
ORD-10161,2025-02-20,C0133,Noise-Cancelling Headphones,199.99,1,FREESHIP,New York
ORD-10162,2025-02-21,C0021,Wireless Mouse,24.99,1,,Seattle
ORD-10163,2025-02-21,C0101,Wireless Mouse,24.99,1,SAVE20,Chicago
ORD-10164,2025-02-22,C0010,USB-C Hub,39.99,3,SAVE10,Seattle
ORD-10165,2025-02-22,C0098,LED Desk Lamp,$29.99,1,SAVE15,Los Angeles
ORD-10166,2025-02-22,C0076,1080p Webcam,59.99,2,,New York
ORD-10167,2025-02-23,C0060,Laptop Stand,34.99,2,,Denver
ORD-10168,2025-02-23,C0065,Wireless Mouse,24.99,1,,  Los Angeles
ORD-10169,2025-02-23,C0006,1080p Webcam,59.99,2,,Los Angeles
ORD-10170,2025-02-24,C0148,Mechanical Keyboard,89.99,1,SAVE10,San Diego
ORD-10171,2025-02-24,C0074,Mechanical Keyboard,89.99,1,SAVE10,Austin
ORD-10172,2025-02-24,C0128,27in Monitor,249.99,2,,Austin
ORD-10173,2025-02-24,C0002,Wireless Mouse,24.99,1,,Los Angeles
ORD-10174,2025-02-24,C0078,USB-C Hub,39.99,1,,Los Angeles
ORD-10174,2025-02-24,C0078,USB-C Hub,39.99,1,,Los Angeles
ORD-10175,2025-02-25,C0005,Mechanical Keyboard,89.99,1,,Dallas
ORD-10176,2025-02-25,C0082,Noise-Cancelling Headphones,199.99,1,,Boston
ORD-10177,2025-02-26,C0150,Wireless Mouse,24.99,1,,Los Angeles
ORD-10178,2025-02-26,C0114,Mechanical Keyboard,89.99,1,save15,Chicago
ORD-10179,2025-02-26,C0019,LED Desk Lamp,29.99,2,SAVE15,Seattle
ORD-10180,2025-02-27,C0031,1080p Webcam,59.99,3,SAVE20,Phoenix
ORD-10181,2025-02-27,C0096,Mechanical Keyboard,89.99,1,,Los Angeles
ORD-10182,2025-02-27,C0072,LED Desk Lamp,29.99,1,none,San Diego
ORD-10183,2025-02-27,C0091,Mechanical Keyboard,89.99,1,WELCOME5,Phoenix
ORD-10184,2025-02-27,C0085,Laptop Stand,34.99,1,SAVE15,Los Angeles
ORD-10185,2025-02-28,C0133,27in Monitor,249.99,3,,Los Angeles
ORD-10186,2025-02-28,C0005,1080p Webcam,59.99,1,,Austin
ORD-10187,02/28/2025,C0056,USB-C Hub,39.99,1,,Phoenix
ORD-10188,2025-03-01,C0070,Laptop Stand,$34.99,5,WELCOME5,Los Angeles
ORD-10189,2025-03-01,C0101,Wireless Mouse,24.99,1,WELCOME5,LOS ANGELES
ORD-10190,2025-03-02,C0049,Wireless Mouse,24.99,1,,Philadelphia
ORD-10191,2025-03-02,C0077,Mechanical Keyboard,89.99,3,,Los Angeles
ORD-10191,2025-03-02,C0077,Mechanical Keyboard,89.99,3,,Los Angeles
ORD-10192,2025-03-02,C0107,Laptop Stand,34.99,1,,Austin
ORD-10193,2025-03-02,C0077,Mechanical Keyboard,89.99,1,,Dallas
ORD-10193,2025-03-02,C0077,Mechanical Keyboard,89.99,1,,Dallas
ORD-10194,2025-03-02,C0150,Mechanical Keyboard,89.99,2,SAVE15,CHICAGO
ORD-10195,2025-03-05,C0010,27in Monitor,249.99,1,none,New York
ORD-10196,2025-03-05,C0138,LED Desk Lamp,29.99,1,SAVE15,Chicago
ORD-10197,2025-03-06,C0112,LED Desk Lamp,29.99,2,SAVE10,Seattle
ORD-10198,2025-03-07,C0038,Mechanical Keyboard,89.99,3,SAVE15,Miami
ORD-10199,2025-03-07,C0139,27in Monitor,249.99,1,SAVE20,Miami
ORD-10200,2025-03-08,C0047,Noise-Cancelling Headphones,199.99,1,WELCOME5,Los Angeles
ORD-10201,2025-03-08,C0142,Laptop Stand,34.99,1,,Los Angeles
ORD-10202,03/09/2025,C0084,1080p Webcam,59.99,2,,Austin
ORD-10203,2025-03-09,C0147,1080p Webcam,59.99,2,SAVE10,Chicago
ORD-10204,2025-03-09,C0138,LED Desk Lamp,29.99,1,,Houston
ORD-10205,2025-03-10,C0097,Wireless Mouse,24.99,1,,New York
ORD-10206,2025-03-10,C0137,USB-C Hub,39.99,1,,New York
ORD-10207,2025-03-10,C0119,Laptop Stand,34.99,2,,  Atlanta
ORD-10208,2025-03-10,C0103,Mechanical Keyboard,89.99,5,,Austin
ORD-10209,2025-03-10,C0055,27in Monitor,$249.99,2,FREESHIP,New York
ORD-10210,2025-03-11,C0130,Wireless Mouse,24.99,3,,Philadelphia
ORD-10211,2025-03-12,C0038,Noise-Cancelling Headphones,199.99,1,WELCOME5,San Diego
ORD-10212,2025-03-12,C0144,Wireless Mouse,24.99,2,SAVE10,Phoenix
ORD-10213,2025-03-14,C0098,Noise-Cancelling Headphones,199.99,5,SAVE15,Atlanta
ORD-10214,2025-03-14,C0041,USB-C Hub,39.99,2,NULL,Phoenix
ORD-10215,2025-03-14,C0087,1080p Webcam,59.99,2,,Dallas
ORD-10216,2025-03-14,C0023,Laptop Stand,34.99,1,,portland
ORD-10217,2025-03-15,C0039,USB-C Hub,39.99,2,FREESHIP,Houston
ORD-10218,2025-03-16,C0105,Wireless Mouse,24.99,2,,  Dallas
ORD-10219,2025-03-16,C0063,USB-C Hub,39.99,1,,Los Angeles
ORD-10220,03/16/2025,C0129,27in Monitor,249.99,2,,Boston
ORD-10221,2025-03-16,C0132,27in Monitor,249.99,1,,Phoenix
ORD-10222,2025-03-17,C0048,Mechanical Keyboard,89.99,1,,Atlanta
ORD-10223,03/17/2025,C0011,27in Monitor,$249.99,1,,Austin
ORD-10224,2025-03-17,C0129,Laptop Stand,-34.99,,,Houston
ORD-10225,2025-03-17,C0018,Noise-Cancelling Headphones,199.99,1,,Philadelphia
ORD-10226,2025-03-18,C0027,USB-C Hub,39.99,2,,Seattle
ORD-10227,2025-03-18,C0137,USB-C Hub,39.99,1,,Denver
ORD-10228,2025-03-18,C0147,Noise-Cancelling Headphones,199.99,1,SAVE10,San Diego
ORD-10229,2025-03-18,C0142,LED Desk Lamp,29.99,4,SAVE20 ,Philadelphia
ORD-10230,2025-03-18,C0014,Noise-Cancelling Headphones,199.99,3,FREESHIP,Portland
ORD-10231,2025-03-18,C0007,LED Desk Lamp,29.99,1,,phoenix
ORD-10232,2025-03-18,C0114,Laptop Stand,34.99,2,SAVE10,Los Angeles
ORD-10233,2025-03-19,C0105,Mechanical Keyboard,89.99,3,FREESHIP,Houston
ORD-10234,2025-03-19,C0126,Noise-Cancelling Headphones,$199.99,1,,Seattle
ORD-10235,2025-03-20,C0076,Mechanical Keyboard,89.99,3,SAVE20,Miami
ORD-10236,2025-03-20,C0099,1080p Webcam,59.99,2,FREESHIP,New York
ORD-10237,03/21/2025,C0059,Wireless Mouse,24.99,1,,Portland
ORD-10238,2025-03-22,C0112,27in Monitor,249.99,1,,New York
ORD-10239,2025-03-23,C0023,Noise-Cancelling Headphones,199.99,2,WELCOME5,Boston 
ORD-10240,2025-03-23,C0142,LED Desk Lamp,29.99,1,,Los Angeles
ORD-10241,2025-03-23,C0107,27in Monitor,249.99,2,SAVE10,Austin
ORD-10242,2025-03-23,C0019,Wireless Mouse,24.99,2,FREESHIP,Phoenix
ORD-10243,2025-03-24,C0019,Noise-Cancelling Headphones,199.99,1,,Philadelphia
ORD-10244,2025-03-24,,USB-C Hub,$39.99,4,SAVE10,Philadelphia
ORD-10245,2025-03-24,C0112,Wireless Mouse,24.99,1,FREESHIP,Austin
ORD-10246,03/26/2025,C0001,USB-C Hub,39.99,1,,NEW YORK
ORD-10247,2025-03-26,C0080,LED Desk Lamp,-29.99,3,SAVE15,Portland 
ORD-10248,2025-03-27,C0066,Laptop Stand,34.99,2,,Los Angeles
ORD-10249,2025-03-27,C0115,27in Monitor,249.99,2,SAVE10,Philadelphia
ORD-10250,2025-03-27,C0146,Laptop Stand,34.99,1,,Seattle
ORD-10251,2025-03-27,C0124,Wireless Mouse,24.99,1,,Phoenix
ORD-10252,2025-03-27,C0072,Laptop Stand,34.99,1,SAVE10,Miami
ORD-10253,2025-03-28,C0062,Wireless Mouse,24.99,1,FREESHIP,San Diego
ORD-10253,2025-03-28,C0062,Wireless Mouse,24.99,1,FREESHIP,San Diego
ORD-10254,2025-03-28,C0111,Wireless Mouse,24.99,2,SAVE20 ,Houston 
ORD-10255,2025-03-28,C0002,1080p Webcam,59.99,2,SAVE10,  Los Angeles
ORD-10256,2025-03-28,C0124,Noise-Cancelling Headphones,199.99,3,,  Austin
ORD-10257,2025-03-29,,LED Desk Lamp,29.99,1,,Atlanta
ORD-10258,2025-03-29,C0042,Wireless Mouse,24.99,1,NULL,Los Angeles
ORD-10259,2025-03-30,C0039,Noise-Cancelling Headphones,199.99,1,,Los Angeles
ORD-10260,2025-03-31,C0102,Wireless Mouse,24.99,1,FREESHIP,Dallas
ORD-10261,2025-03-31,C0142,27in Monitor,249.99,1,,Boston
ORD-10262,2025-03-31,C0117,1080p Webcam,59.99,3,,New York
ORD-10263,2025-03-31,C0082,1080p Webcam,59.99,1,SAVE20,Atlanta
ORD-10264,2025-03-31,C0059,Mechanical Keyboard,89.99,1,FREESHIP,Chicago 
ORD-10265,2025-03-31,C0149,27in Monitor,249.99,3,,Boston
ORD-10266,2025-03-31,C0022,Laptop Stand,34.99,2,,Chicago
ORD-10266,2025-03-31,C0022,Laptop Stand,34.99,2,,Chicago
ORD-10267,2025-03-31,C0138,Laptop Stand,34.99,1,,Los Angeles
ORD-10268,2025-04-01,C0070,Laptop Stand,34.99,2,,Miami
ORD-10269,2025-04-01,C0050,1080p Webcam,59.99,1,SAVE10 ,New York
ORD-10270,2025-04-01,C0011,Laptop Stand,34.99,1,SAVE20,Phoenix
ORD-10271,2025-04-03,C0095,Mechanical Keyboard,89.99,5,,Los Angeles
ORD-10272,2025-04-03,C0123,Mechanical Keyboard,89.99,2,,Atlanta
ORD-10273,2025-04-04,C0051,Wireless Mouse,24.99,2,SAVE10,San Diego
ORD-10274,2025-04-05,C0030,Noise-Cancelling Headphones,199.99,1,SAVE10 ,Chicago
ORD-10275,2025-04-05,C0077,Noise-Cancelling Headphones,199.99,1,,Dallas
ORD-10276,04/05/2025,C0046,Laptop Stand,34.99,1,SAVE10,Phoenix
ORD-10277,2025-04-05,C0034,Mechanical Keyboard,89.99,1,SAVE10,Austin
ORD-10278,2025-04-06,C0127,Laptop Stand,34.99,3,,Dallas
ORD-10279,2025-04-06,C0068,27in Monitor,249.99,1,,Miami
ORD-10280,2025-04-06,C0092,LED Desk Lamp,29.99,1,,Atlanta
ORD-10281,04/06/2025,C0070,Mechanical Keyboard,89.99,2,freeship,Los Angeles
ORD-10282,2025-04-06,C0124,Laptop Stand,34.99,1,SAVE10,New York
ORD-10283,2025-04-06,C0080,Mechanical Keyboard,89.99,2,,Portland
ORD-10284,2025-04-07,C0149,Mechanical Keyboard,89.99,1,SAVE15,HOUSTON
ORD-10285,04/07/2025,C0098,1080p Webcam,59.99,1,,Miami
ORD-10286,2025-04-07,C0124,1080p Webcam,-59.99,1,,Chicago
ORD-10287,2025-04-08,C0115,USB-C Hub,39.99,4, SAVE10,Los Angeles
ORD-10288,2025-04-08,C0036,Mechanical Keyboard,89.99,2,SAVE15,Philadelphia
ORD-10289,2025-04-08,C0078,Laptop Stand,34.99,2,,Austin
ORD-10290,2025-04-09,C0023,27in Monitor,249.99,2,SAVE20,Atlanta
ORD-10291,04/09/2025,C0060,27in Monitor,249.99,1,SAVE15,Chicago
ORD-10292,2025-04-09,C0064,27in Monitor,249.99,2,WELCOME5,Boston
ORD-10293,2025-04-09,C0066,27in Monitor,249.99,1,,New York 
ORD-10294,2025-04-10,C0026,27in Monitor,249.99,4,,Portland
ORD-10295,2025-04-11,C0093,Noise-Cancelling Headphones,199.99,3,,Boston
ORD-10296,2025-04-11,C0015,27in Monitor,249.99,1,WELCOME5,Boston
ORD-10297,2025-04-11,C0075,1080p Webcam,59.99,2,,dallas
ORD-10298,2025-04-11,C0095,Wireless Mouse,24.99,1,,Austin
ORD-10299,2025-04-11,C0061,Noise-Cancelling Headphones,199.99,3,WELCOME5,Boston
ORD-10299,2025-04-11,C0061,Noise-Cancelling Headphones,199.99,3,WELCOME5,Boston
ORD-10300,2025-04-11,C0136,Laptop Stand,34.99,2,,Los Angeles
ORD-10301,2025-04-12,C0118,LED Desk Lamp,29.99,1,,Dallas
ORD-10302,2025-04-13,C0045,LED Desk Lamp,29.99,1,SAVE15,Houston
ORD-10303,04/13/2025,C0127,USB-C Hub,$39.99,1,WELCOME5,New York
ORD-10304,2025-04-14,C0072,Laptop Stand,34.99,2,FREESHIP,Phoenix
ORD-10305,2025-04-14,C0138,USB-C Hub,39.99,4,freeship,Philadelphia
ORD-10306,2025-04-14,C0113,Wireless Mouse,24.99,2,,  Dallas
ORD-10307,2025-04-14,C0037,Wireless Mouse,24.99,3,FREESHIP,Los Angeles
ORD-10308,2025-04-16,C0128,USB-C Hub,39.99,3,,Dallas
ORD-10309,2025-04-16,C0012,1080p Webcam,59.99,2,,Portland
ORD-10310,2025-04-16,C0083,Noise-Cancelling Headphones,199.99,1,,Houston
ORD-10311,2025-04-16,C0103,Wireless Mouse,24.99,1,FREESHIP,Seattle
ORD-10312,2025-04-17,C0117,Laptop Stand,34.99,3,SAVE10,Chicago
ORD-10313,2025-04-17,C0013,Noise-Cancelling Headphones,199.99,3,SAVE20,Denver
ORD-10314,2025-04-17,C0126,Noise-Cancelling Headphones,199.99,2,,San Diego
ORD-10315,2025-04-18,C0006,Noise-Cancelling Headphones,199.99,2,,SEATTLE
ORD-10316,2025-04-18,C0014,Wireless Mouse,24.99,1,FREESHIP,Boston
ORD-10317,2025-04-18,C0097,USB-C Hub,39.99,2,welcome5,Chicago
ORD-10318,2025-04-19,C0105,27in Monitor,249.99,1,,Phoenix
ORD-10319,2025-04-19,C0110,Mechanical Keyboard,89.99,1,SAVE10,Austin
ORD-10320,2025-04-20,,1080p Webcam,59.99,1,,San Diego
ORD-10321,2025-04-20,C0026,1080p Webcam,59.99,1,,Seattle
ORD-10322,2025-04-20,C0019,1080p Webcam,59.99,4,,Dallas
ORD-10323,2025-04-21,C0086,27in Monitor,249.99,3,SAVE10,Boston
ORD-10324,2025-04-21,C0007,Wireless Mouse,24.99,2,none,Seattle
ORD-10325,2025-04-21,C0145,Laptop Stand,34.99,1,,Austin 
ORD-10326,04/22/2025,C0111,1080p Webcam,59.99,1,,Austin
ORD-10327,2025-04-22,C0135,27in Monitor,249.99,5,,BOSTON
ORD-10328,2025-04-22,C0135,LED Desk Lamp,29.99,1,,Portland
ORD-10329,2025-04-22,C0140,1080p Webcam,$59.99,2,,Boston
ORD-10330,2025-04-23,C0113,USB-C Hub,39.99,1,SAVE10,San Diego
ORD-10331,2025-04-24,C0132,LED Desk Lamp,29.99,1,SAVE15,  Denver
ORD-10332,2025-04-24,C0095,Noise-Cancelling Headphones,199.99,3,,Houston
ORD-10333,2025-04-25,C0134,Mechanical Keyboard,89.99,1,SAVE20,Boston
ORD-10334,2025-04-25,,LED Desk Lamp,29.99,1,SAVE20,New York
ORD-10335,2025-04-25,C0042,Mechanical Keyboard,89.99,1,,Boston
ORD-10336,2025-04-26,C0065,27in Monitor,249.99,1,,Boston
ORD-10337,2025-04-26,C0130,Wireless Mouse,24.99,1,,New York
ORD-10338,04/27/2025,C0074,Mechanical Keyboard,89.99,2,SAVE15,Portland
ORD-10339,2025-04-28,C0097,1080p Webcam,59.99,1,SAVE15,Philadelphia
ORD-10340,2025-04-28,C0071,USB-C Hub,39.99,5,,New York
ORD-10341,2025-04-28,C0076,27in Monitor,249.99,2,SAVE10,New York
ORD-10342,2025-04-29,C0015,Laptop Stand,34.99,5,,Seattle
ORD-10343,2025-04-29,C0022,27in Monitor,249.99,4,,Boston
ORD-10344,05/01/2025,C0115,Mechanical Keyboard,89.99,2,,Seattle
ORD-10345,2025-05-01,C0136,27in Monitor,249.99,3,,Philadelphia
ORD-10346,2025-05-01,C0138,Mechanical Keyboard,89.99,3, SAVE10,Chicago
ORD-10347,2025-05-02,C0032,Wireless Mouse,24.99,1,,Seattle
ORD-10348,2025-05-02,C0078,LED Desk Lamp,29.99,1,SAVE10,Austin
ORD-10349,2025-05-03,C0128,Laptop Stand,34.99,1,SAVE10,New York
ORD-10350,2025-05-03,C0047,LED Desk Lamp,29.99,1,,New York
ORD-10351,2025-05-04,C0036,Wireless Mouse,24.99,2,save10,Austin
ORD-10352,2025-05-04,C0048,Mechanical Keyboard,89.99,1,WELCOME5,New York
ORD-10353,2025-05-04,C0139,Mechanical Keyboard,89.99,1,WELCOME5,Houston
ORD-10354,2025-05-05,C0096,27in Monitor,249.99,3,,Denver
ORD-10355,2025-05-05,C0015,Laptop Stand,$34.99,5,,  Los Angeles
ORD-10356,05/05/2025,C0023,Laptop Stand,34.99,2,,Philadelphia
ORD-10357,2025-05-05,C0067,Noise-Cancelling Headphones,199.99,3,SAVE15,Houston
ORD-10358,2025-05-06,C0105,1080p Webcam,59.99,4, SAVE20,Boston
ORD-10359,2025-05-06,C0114,Noise-Cancelling Headphones,199.99,1,SAVE10,New York
ORD-10360,2025-05-06,C0126,Laptop Stand,34.99,2,NULL,Atlanta
ORD-10361,2025-05-06,C0136,LED Desk Lamp,29.99,4,Save15,Seattle
ORD-10362,2025-05-06,C0098,1080p Webcam,59.99,1,WELCOME5,Denver
ORD-10363,2025-05-07,C0009,Laptop Stand,34.99,1,,Portland
ORD-10364,2025-05-07,C0150,1080p Webcam,59.99,1,SAVE15,Los Angeles 
ORD-10365,2025-05-08,,Laptop Stand,34.99,1,,Miami
ORD-10366,2025-05-08,C0131,27in Monitor,249.99,1,,Los Angeles
ORD-10367,2025-05-09,C0123,27in Monitor,-249.99,1,none,Boston
ORD-10368,2025-05-09,C0114,Laptop Stand,34.99,2,,San Diego
ORD-10369,2025-05-09,C0125,Wireless Mouse,24.99,3,SAVE10,Philadelphia
ORD-10370,2025-05-09,C0019,Laptop Stand,34.99,3,WELCOME5,Houston
ORD-10371,05/10/2025,C0034,Noise-Cancelling Headphones,199.99,999,N/A,Los Angeles
ORD-10372,2025-05-10,C0106,LED Desk Lamp,29.99,1,,San Diego
ORD-10373,2025-05-10,C0128,Laptop Stand,34.99,1,,Portland
ORD-10374,2025-05-11,C0118,27in Monitor,249.99,2,SAVE15,Austin
ORD-10375,2025-05-11,C0041,27in Monitor,$249.99,5,,Portland
ORD-10376,2025-05-11,C0109,USB-C Hub,39.99,1,,Chicago
ORD-10377,2025-05-12,C0093,USB-C Hub,39.99,1,,Portland
ORD-10378,2025-05-12,C0130,1080p Webcam,59.99,1,,New York
ORD-10379,2025-05-12,C0141,Mechanical Keyboard,89.99,2,,Atlanta
ORD-10380,2025-05-13,C0024,Mechanical Keyboard,89.99,2,,Portland
ORD-10381,2025-05-13,C0024,USB-C Hub,39.99,2,,Los Angeles
ORD-10382,2025-05-13,C0031,Laptop Stand,34.99,1,,San Diego
ORD-10383,2025-05-13,C0007,Wireless Mouse,24.99,1,,Houston
ORD-10384,2025-05-14,C0093,1080p Webcam,-59.99,1,FREESHIP,Chicago
ORD-10385,2025-05-14,C0059,Noise-Cancelling Headphones,199.99,1,SAVE15,Houston 
ORD-10386,2025-05-15,C0101,Wireless Mouse,24.99,2,SAVE15,atlanta
ORD-10387,2025-05-15,C0006,Laptop Stand,34.99,2,FREESHIP,Seattle
ORD-10388,2025-05-15,,Laptop Stand,34.99,1,SAVE15,Chicago
ORD-10389,2025-05-16,C0041,Noise-Cancelling Headphones,199.99,2,WELCOME5,Seattle
ORD-10390,2025-05-17,C0136,Noise-Cancelling Headphones,199.99,2,,Dallas
ORD-10391,2025-05-17,C0081,USB-C Hub,39.99,1,FREESHIP,Seattle
ORD-10392,2025-05-17,C0056,27in Monitor,249.99,1,SAVE10,Denver
ORD-10393,2025-05-18,C0011,LED Desk Lamp,29.99,1,,Los Angeles
ORD-10394,2025-05-18,C0023,Noise-Cancelling Headphones,199.99,1,,houston
ORD-10395,2025-05-18,C0042,USB-C Hub,39.99,1,SAVE10,Los Angeles
ORD-10396,2025-05-18,C0149,Laptop Stand,34.99,1,SAVE10,Los Angeles
ORD-10397,2025-05-19,C0106,Laptop Stand,34.99,1,WELCOME5,Los Angeles
ORD-10398,2025-05-19,C0018,Wireless Mouse,24.99,3,,Seattle
ORD-10399,05/20/2025,C0078,Wireless Mouse,24.99,3,,New York
ORD-10400,05/20/2025,C0127,Noise-Cancelling Headphones,199.99,1,SAVE20,Portland
ORD-10401,2025-05-20,C0023,USB-C Hub,39.99,2,SAVE20,Phoenix
ORD-10402,2025-05-21,C0119,Mechanical Keyboard,89.99,1,,Seattle
ORD-10403,2025-05-21,C0058,Laptop Stand,34.99,1,SAVE10,Portland
ORD-10404,2025-05-22,C0101,Laptop Stand,34.99,1,,Boston
ORD-10405,05/22/2025,C0105,LED Desk Lamp,29.99,1,,Philadelphia
ORD-10406,2025-05-23,C0030,Noise-Cancelling Headphones,199.99,2,SAVE20,Phoenix
ORD-10407,2025-05-23,C0117,27in Monitor,249.99,1,NULL,Chicago
ORD-10408,05/23/2025,C0082,1080p Webcam,59.99,1,SAVE10,ATLANTA
ORD-10409,2025-05-23,C0080,Wireless Mouse,24.99,5,SAVE15,Los Angeles
ORD-10410,2025-05-23,C0094,1080p Webcam,59.99,2,,San Diego
ORD-10411,2025-05-25,C0082,Wireless Mouse,24.99,2,FREESHIP,Houston
ORD-10412,2025-05-25,C0120,LED Desk Lamp,29.99,1,,Boston
ORD-10413,2025-05-27,C0106,USB-C Hub,39.99,3,,Los Angeles
ORD-10414,2025-05-27,C0118,Laptop Stand,34.99,1,,Philadelphia
ORD-10415,2025-05-27,C0124,LED Desk Lamp,29.99,2,WELCOME5,Boston
ORD-10415,2025-05-27,C0124,LED Desk Lamp,29.99,2,WELCOME5,Boston
ORD-10416,2025-05-27,C0003,1080p Webcam,59.99,1,,Phoenix
ORD-10417,2025-05-27,C0040,USB-C Hub,39.99,2,,New York
ORD-10418,2025-05-27,C0019,27in Monitor,249.99,1,,Seattle
ORD-10419,2025-05-28,C0067,Laptop Stand,34.99,1,,Portland
ORD-10420,2025-05-28,C0065,Noise-Cancelling Headphones,199.99,1,,Portland
ORD-10421,2025-05-28,C0038,LED Desk Lamp,29.99,1,,Phoenix
ORD-10422,2025-05-29,C0006,Laptop Stand,34.99,2,,atlanta
ORD-10423,2025-05-29,C0147,27in Monitor,249.99,3,SAVE10,  Boston
ORD-10424,2025-05-29,C0114,Noise-Cancelling Headphones,199.99,1,,Miami
ORD-10425,2025-05-30,C0061,27in Monitor,249.99,2,SAVE10,Austin
ORD-10426,05/31/2025,C0018,Mechanical Keyboard,89.99,1,,Austin
ORD-10427,2025-05-31,C0128,USB-C Hub,39.99,1,,Los Angeles
ORD-10428,2025-05-31,C0045,1080p Webcam,59.99,1,,Atlanta
ORD-10429,2025-06-01,C0014,Wireless Mouse,24.99,2,SAVE15,New York
ORD-10430,2025-06-01,C0037,Laptop Stand,34.99,1,welcome5,Los Angeles
ORD-10431,2025-06-02,C0139,USB-C Hub,39.99,3,,New York
ORD-10432,2025-06-02,C0095,27in Monitor,249.99,1,SAVE20,Denver
ORD-10433,2025-06-02,C0005,27in Monitor,249.99,1,,Miami
ORD-10433,2025-06-02,C0005,27in Monitor,249.99,1,,Miami
ORD-10434,06/02/2025,C0111,LED Desk Lamp,29.99,1,,Houston
ORD-10435,2025-06-02,C0030,27in Monitor,249.99,3,,Dallas
ORD-10436,2025-06-03,C0071,USB-C Hub,39.99,2,,Boston
ORD-10437,2025-06-03,C0108,Noise-Cancelling Headphones,199.99,2,,Chicago
ORD-10438,2025-06-04,C0025,Laptop Stand,34.99,2,SAVE20,Boston
ORD-10439,2025-06-04,C0032,1080p Webcam,59.99,1,,Austin
ORD-10440,2025-06-04,C0135,Noise-Cancelling Headphones,199.99,1,,Houston
ORD-10441,2025-06-04,C0099,LED Desk Lamp,29.99,1,,Philadelphia
ORD-10442,2025-06-05,C0127,Mechanical Keyboard,$89.99,1,,Los Angeles
ORD-10443,2025-06-05,C0125,Noise-Cancelling Headphones,199.99,1,SAVE10,Los Angeles
ORD-10444,2025-06-05,C0018,Noise-Cancelling Headphones,199.99,2,FREESHIP,Seattle
ORD-10445,2025-06-05,C0095,27in Monitor,249.99,4,SAVE20,Miami
ORD-10446,2025-06-06,C0026,Wireless Mouse,24.99,2,,Philadelphia
ORD-10447,2025-06-07,C0118,Mechanical Keyboard,89.99,1,,Philadelphia
ORD-10448,2025-06-07,C0008,Wireless Mouse,24.99,3,,Los Angeles
ORD-10449,2025-06-07,C0039,Noise-Cancelling Headphones,199.99,1,,Philadelphia
ORD-10450,2025-06-07,C0077,LED Desk Lamp,29.99,4,,  Chicago
ORD-10451,2025-06-07,C0132,Laptop Stand,34.99,3,,Seattle 
ORD-10452,2025-06-08,C0102,Wireless Mouse,24.99,2,SAVE15,philadelphia
ORD-10453,2025-06-08,C0036,Wireless Mouse,24.99,1,,Miami
ORD-10454,2025-06-08,C0042,USB-C Hub,39.99,1,SAVE10,  Dallas
ORD-10455,2025-06-09,C0086,Mechanical Keyboard,89.99,2,SAVE20,Chicago
ORD-10456,2025-06-09,C0095,USB-C Hub,39.99,1,NULL,Denver
ORD-10457,2025-06-10,C0005,27in Monitor,249.99,999,,Chicago
ORD-10458,2025-06-11,C0005,Wireless Mouse,24.99,1,SAVE15,Austin 
ORD-10459,2025-06-12,C0123,LED Desk Lamp,29.99,1,,  Boston
ORD-10460,2025-06-13,C0086,Wireless Mouse,24.99,4,SAVE10,Boston
ORD-10461,06/13/2025,C0047,LED Desk Lamp,29.99,3,,Philadelphia
ORD-10462,2025-06-13,C0113,USB-C Hub,39.99,2,SAVE10,Portland
ORD-10463,2025-06-14,C0123,LED Desk Lamp,29.99,3,,Boston
ORD-10464,2025-06-15,C0071,USB-C Hub,39.99,2,,Austin
ORD-10465,2025-06-15,C0007,Mechanical Keyboard,89.99,2,,Chicago
ORD-10466,2025-06-15,C0083,1080p Webcam,59.99,2,SAVE10,Houston
ORD-10467,2025-06-16,C0050,LED Desk Lamp,29.99,3,,Portland
ORD-10468,2025-06-17,C0111,Laptop Stand,34.99,1,SAVE10 ,Los Angeles
ORD-10469,2025-06-18,C0080,Wireless Mouse,24.99,4,none,Philadelphia
ORD-10470,2025-06-18,C0146,Laptop Stand,34.99,1,,Austin
ORD-10471,2025-06-19,C0111,1080p Webcam,59.99,1,,Phoenix
ORD-10472,2025-06-20,,Wireless Mouse,24.99,1,,Boston
ORD-10473,06/23/2025,C0091,USB-C Hub,39.99,1,,New York
ORD-10474,2025-06-23,C0063,27in Monitor,249.99,1,,Houston
ORD-10475,06/24/2025,C0007,LED Desk Lamp,$29.99,2, SAVE10,Portland
ORD-10476,2025-06-24,C0139,Noise-Cancelling Headphones,199.99,1,FREESHIP,New York
ORD-10477,2025-06-24,C0032,Laptop Stand,34.99,1,FREESHIP,Chicago
ORD-10478,2025-06-24,C0098,USB-C Hub,39.99,1,SAVE10,New York
ORD-10479,2025-06-26,C0022,Mechanical Keyboard,89.99,1,SAVE20,Miami 
ORD-10480,2025-06-26,C0076,1080p Webcam,$59.99,1,,Austin
ORD-10481,2025-06-26,C0145,USB-C Hub,$39.99,1,NULL,Philadelphia
ORD-10482,2025-06-27,,Noise-Cancelling Headphones,199.99,1,FREESHIP,Portland
ORD-10483,2025-06-27,C0140,LED Desk Lamp,29.99,1,,Los Angeles 
ORD-10484,2025-06-27,C0101,LED Desk Lamp,29.99,1,,ATLANTA
ORD-10485,2025-06-28,C0077,Laptop Stand,34.99,1,FREESHIP,Phoenix
ORD-10486,2025-06-28,C0038,Wireless Mouse,24.99,2,WELCOME5,Houston
ORD-10487,2025-06-29,C0112,LED Desk Lamp,29.99,2,,San Diego
ORD-10488,2025-06-29,C0008,27in Monitor,249.99,1,,Seattle
ORD-10489,2025-06-30,C0106,27in Monitor,249.99,1,SAVE10,  Los Angeles
ORD-10490,2025-06-30,C0017,Noise-Cancelling Headphones,199.99,,,Dallas
